meal,predicted_plate,correct_plate,predicted_utensils,correct_utensils,plate_is_correct,jaccard_utensil
Lamb and Bean Nachos With Salsa Fresca,Bowl,Dinner Plate,"[<Utensil.SPOON: 'Spoon'>, <Utensil.FORK: 'Fork'>, <Utensil.HANDS: 'Hands'>]","[<Utensil.HANDS: 'Hands'>, <Utensil.KNIFE: 'Knife'>, <Utensil.FORK: 'Fork'>]",False,0.5
Meatloaf With BBQ Sauce,Dinner Plate,Dinner Plate,"[<Utensil.SPOON: 'Spoon'>, <Utensil.KNIFE: 'Knife'>, <Utensil.FORK: 'Fork'>]","[<Utensil.KNIFE: 'Knife'>, <Utensil.FORK: 'Fork'>]",True,0.6666666666666666
Tiramisu,Dessert Plate,Dessert Plate,[<Utensil.SPOON: 'Spoon'>],"[<Utensil.FORK: 'Fork'>, <Utensil.SPOON: 'Spoon'>]",True,0.5
Loaded Potato Soup,Bowl,Bowl,[<Utensil.SPOON: 'Spoon'>],[<Utensil.SPOON: 'Spoon'>],True,1.0
"Vegan Sushi Roll with Avocado, Carrot and Cucumber",Dinner Plate,Dinner Plate,[<Utensil.CHOPS: 'Chopsticks'>],"[<Utensil.HANDS: 'Hands'>, <Utensil.CHOPS: 'Chopsticks'>]",True,0.5
Spaghettini Bolognese,Dinner Plate,Bowl,"[<Utensil.FORK: 'Fork'>, <Utensil.SPOON: 'Spoon'>]","[<Utensil.KNIFE: 'Knife'>, <Utensil.FORK: 'Fork'>, <Utensil.SPOON: 'Spoon'>]",False,0.6666666666666666
Meatballs With Orzo and Italian Vegetables,Dinner Plate,Dinner Plate,"[<Utensil.FORK: 'Fork'>, <Utensil.SPOON: 'Spoon'>]","[<Utensil.KNIFE: 'Knife'>, <Utensil.FORK: 'Fork'>]",True,0.3333333333333333
Orange Spinach Salmon Salad,Dinner Plate,Dinner Plate,"[<Utensil.FORK: 'Fork'>, <Utensil.SPOON: 'Spoon'>]","[<Utensil.KNIFE: 'Knife'>, <Utensil.FORK: 'Fork'>]",True,0.3333333333333333
Moussaka with Rice,Dinner Plate,Dinner Plate,"[<Utensil.SPOON: 'Spoon'>, <Utensil.KNIFE: 'Knife'>, <Utensil.FORK: 'Fork'>]","[<Utensil.KNIFE: 'Knife'>, <Utensil.FORK: 'Fork'>, <Utensil.SPOON: 'Spoon'>]",True,1.0
Miso Broth Ramen,Bowl,Bowl,"[<Utensil.SPOON: 'Spoon'>, <Utensil.CHOPS: 'Chopsticks'>]","[<Utensil.CHOPS: 'Chopsticks'>, <Utensil.SPOON: 'Spoon'>]",True,1.0
Leg of Lamb With Garlic Sauce and Fresh Herbs,Dinner Plate,Dinner Plate,"[<Utensil.SPOON: 'Spoon'>, <Utensil.KNIFE: 'Knife'>, <Utensil.FORK: 'Fork'>]","[<Utensil.KNIFE: 'Knife'>, <Utensil.FORK: 'Fork'>]",True,0.6666666666666666
Beer Battered Shrimp,Dinner Plate,Dinner Plate,"[<Utensil.SPOON: 'Spoon'>, <Utensil.FORK: 'Fork'>, <Utensil.HANDS: 'Hands'>]","[<Utensil.HANDS: 'Hands'>, <Utensil.KNIFE: 'Knife'>, <Utensil.FORK: 'Fork'>]",True,0.5
Beef Barbecue Casserole,Dinner Plate,Dinner Plate,"[<Utensil.SPOON: 'Spoon'>, <Utensil.KNIFE: 'Knife'>, <Utensil.FORK: 'Fork'>]","[<Utensil.KNIFE: 'Knife'>, <Utensil.FORK: 'Fork'>]",True,0.6666666666666666
Baked Salmon with Sweet Olive Salsa,Dinner Plate,Dinner Plate,"[<Utensil.SPOON: 'Spoon'>, <Utensil.KNIFE: 'Knife'>, <Utensil.FORK: 'Fork'>]","[<Utensil.KNIFE: 'Knife'>, <Utensil.FORK: 'Fork'>]",True,0.6666666666666666
Ginger Hazelnut Cookies,Dessert Plate,Dessert Plate,[<Utensil.HANDS: 'Hands'>],[<Utensil.HANDS: 'Hands'>],True,1.0
Cajun Chicken Sandwiches,Dinner Plate,Dinner Plate,"[<Utensil.KNIFE: 'Knife'>, <Utensil.FORK: 'Fork'>]",[<Utensil.HANDS: 'Hands'>],True,0.0
Three Cheese Ravioli,Bowl,Dinner Plate,"[<Utensil.FORK: 'Fork'>, <Utensil.SPOON: 'Spoon'>]","[<Utensil.KNIFE: 'Knife'>, <Utensil.FORK: 'Fork'>, <Utensil.SPOON: 'Spoon'>]",False,0.6666666666666666
Stringy Macaroni & Cheese,Dinner Plate,Bowl,"[<Utensil.FORK: 'Fork'>, <Utensil.SPOON: 'Spoon'>]","[<Utensil.FORK: 'Fork'>, <Utensil.SPOON: 'Spoon'>]",False,1.0
Mushroom Omelet,Dinner Plate,Dinner Plate,"[<Utensil.FORK: 'Fork'>, <Utensil.SPOON: 'Spoon'>]","[<Utensil.KNIFE: 'Knife'>, <Utensil.FORK: 'Fork'>]",True,0.3333333333333333
Baked Apples with Candied Walnuts,Dessert Plate,Dessert Plate,"[<Utensil.FORK: 'Fork'>, <Utensil.SPOON: 'Spoon'>]","[<Utensil.HANDS: 'Hands'>, <Utensil.KNIFE: 'Knife'>, <Utensil.FORK: 'Fork'>, <Utensil.SPOON: 'Spoon'>]",True,0.5
Spring Green Salad,Bowl,Bowl,"[<Utensil.FORK: 'Fork'>, <Utensil.SPOON: 'Spoon'>]","[<Utensil.KNIFE: 'Knife'>, <Utensil.FORK: 'Fork'>]",True,0.3333333333333333
Hamburgers,Dinner Plate,Dinner Plate,"[<Utensil.FORK: 'Fork'>, <Utensil.KNIFE: 'Knife'>, <Utensil.HANDS: 'Hands'>]","[<Utensil.HANDS: 'Hands'>, <Utensil.KNIFE: 'Knife'>, <Utensil.FORK: 'Fork'>]",True,1.0
Hot Apple Oatmeal,Bowl,Bowl,[<Utensil.SPOON: 'Spoon'>],[<Utensil.SPOON: 'Spoon'>],True,1.0
Quinoa Salad,Bowl,Bowl,[<Utensil.FORK: 'Fork'>],"[<Utensil.KNIFE: 'Knife'>, <Utensil.FORK: 'Fork'>, <Utensil.SPOON: 'Spoon'>]",True,0.3333333333333333
Pan Fried Steak With Vegetables,Dinner Plate,Dinner Plate,"[<Utensil.SPOON: 'Spoon'>, <Utensil.KNIFE: 'Knife'>, <Utensil.FORK: 'Fork'>]","[<Utensil.KNIFE: 'Knife'>, <Utensil.FORK: 'Fork'>]",True,0.6666666666666666
Strawberry Custard Cake,Dessert Plate,Dessert Plate,"[<Utensil.FORK: 'Fork'>, <Utensil.SPOON: 'Spoon'>]","[<Utensil.FORK: 'Fork'>, <Utensil.SPOON: 'Spoon'>]",True,1.0
Baked Breakfast Burritos,Dinner Plate,Dinner Plate,"[<Utensil.FORK: 'Fork'>, <Utensil.KNIFE: 'Knife'>, <Utensil.HANDS: 'Hands'>, <Utensil.SPOON: 'Spoon'>]","[<Utensil.HANDS: 'Hands'>, <Utensil.KNIFE: 'Knife'>, <Utensil.FORK: 'Fork'>]",True,0.75
Teriyaki Pork Chops,Dinner Plate,Dinner Plate,"[<Utensil.SPOON: 'Spoon'>, <Utensil.KNIFE: 'Knife'>, <Utensil.FORK: 'Fork'>]","[<Utensil.KNIFE: 'Knife'>, <Utensil.FORK: 'Fork'>]",True,0.6666666666666666
White-Bean Soup with Bacon and Herbs,Bowl,Bowl,[<Utensil.SPOON: 'Spoon'>],[<Utensil.SPOON: 'Spoon'>],True,1.0
Velveeta Chicken Spaghetti,Dinner Plate,Dinner Plate,"[<Utensil.FORK: 'Fork'>, <Utensil.SPOON: 'Spoon'>]","[<Utensil.KNIFE: 'Knife'>, <Utensil.FORK: 'Fork'>]",True,0.3333333333333333
Greek Chickpea Stew,Bowl,Bowl,"[<Utensil.FORK: 'Fork'>, <Utensil.SPOON: 'Spoon'>]","[<Utensil.FORK: 'Fork'>, <Utensil.SPOON: 'Spoon'>]",True,1.0
Steamed Coconut Rice,Bowl,Bowl,[<Utensil.SPOON: 'Spoon'>],"[<Utensil.FORK: 'Fork'>, <Utensil.SPOON: 'Spoon'>]",True,0.5
Caramelized Shallot and Mushroom Quiche,Dinner Plate,Dinner Plate,"[<Utensil.SPOON: 'Spoon'>, <Utensil.KNIFE: 'Knife'>, <Utensil.FORK: 'Fork'>]","[<Utensil.KNIFE: 'Knife'>, <Utensil.FORK: 'Fork'>, <Utensil.SPOON: 'Spoon'>]",True,1.0
Roasted Sweet Potato Slices,Dinner Plate,Dinner Plate,[<Utensil.FORK: 'Fork'>],"[<Utensil.HANDS: 'Hands'>, <Utensil.KNIFE: 'Knife'>, <Utensil.FORK: 'Fork'>]",True,0.3333333333333333
Sausage and Corn Quesadillas,Dinner Plate,Dinner Plate,"[<Utensil.FORK: 'Fork'>, <Utensil.KNIFE: 'Knife'>, <Utensil.HANDS: 'Hands'>, <Utensil.SPOON: 'Spoon'>]","[<Utensil.HANDS: 'Hands'>, <Utensil.KNIFE: 'Knife'>, <Utensil.FORK: 'Fork'>]",True,0.75
Chicken Parmesan Panini,Dinner Plate,Dinner Plate,"[<Utensil.KNIFE: 'Knife'>, <Utensil.FORK: 'Fork'>]","[<Utensil.HANDS: 'Hands'>, <Utensil.KNIFE: 'Knife'>, <Utensil.FORK: 'Fork'>]",True,0.6666666666666666
Eggplant Curry (Indian),Bowl,Bowl,"[<Utensil.SPOON: 'Spoon'>, <Utensil.FORK: 'Fork'>, <Utensil.HANDS: 'Hands'>]","[<Utensil.KNIFE: 'Knife'>, <Utensil.FORK: 'Fork'>, <Utensil.SPOON: 'Spoon'>]",True,0.5
"Eggs with Chickpeas, Spinach, and Tomato",Bowl,Dinner Plate,"[<Utensil.FORK: 'Fork'>, <Utensil.SPOON: 'Spoon'>, <Utensil.CHOPS: 'Chopsticks'>]","[<Utensil.KNIFE: 'Knife'>, <Utensil.FORK: 'Fork'>, <Utensil.SPOON: 'Spoon'>]",False,0.5
Brazilian Seafood Stew,Bowl,Bowl,"[<Utensil.FORK: 'Fork'>, <Utensil.SPOON: 'Spoon'>, <Utensil.CHOPS: 'Chopsticks'>]","[<Utensil.FORK: 'Fork'>, <Utensil.SPOON: 'Spoon'>]",True,0.6666666666666666
Asparagus and Artichoke Pasta Salad,Bowl,Bowl,"[<Utensil.FORK: 'Fork'>, <Utensil.SPOON: 'Spoon'>]","[<Utensil.KNIFE: 'Knife'>, <Utensil.FORK: 'Fork'>]",True,0.3333333333333333
Chocolate Chip Cranberry Muffins,Dessert Plate,Dessert Plate,"[<Utensil.SPOON: 'Spoon'>, <Utensil.HANDS: 'Hands'>]","[<Utensil.HANDS: 'Hands'>, <Utensil.FORK: 'Fork'>]",True,0.3333333333333333
Baklava,Dessert Plate,Dessert Plate,"[<Utensil.SPOON: 'Spoon'>, <Utensil.FORK: 'Fork'>, <Utensil.HANDS: 'Hands'>]","[<Utensil.HANDS: 'Hands'>, <Utensil.KNIFE: 'Knife'>, <Utensil.FORK: 'Fork'>, <Utensil.SPOON: 'Spoon'>]",True,0.75
Linguine Pasta with Shrimp and Tomatoes,Dinner Plate,Coupe Plate,"[<Utensil.FORK: 'Fork'>, <Utensil.SPOON: 'Spoon'>]","[<Utensil.KNIFE: 'Knife'>, <Utensil.FORK: 'Fork'>, <Utensil.SPOON: 'Spoon'>]",False,0.6666666666666666
Sloppy Joes with Cornbread,Dinner Plate,Dinner Plate,"[<Utensil.FORK: 'Fork'>, <Utensil.SPOON: 'Spoon'>, <Utensil.KNIFE: 'Knife'>]","[<Utensil.HANDS: 'Hands'>, <Utensil.KNIFE: 'Knife'>, <Utensil.FORK: 'Fork'>]",True,0.5
Chillaquillas,Dinner Plate,Dinner Plate,"[<Utensil.FORK: 'Fork'>, <Utensil.SPOON: 'Spoon'>]","[<Utensil.HANDS: 'Hands'>, <Utensil.KNIFE: 'Knife'>, <Utensil.FORK: 'Fork'>]",True,0.25
Deep-Fried Plantain Rounds,Dinner Plate,Dinner Plate,"[<Utensil.SPOON: 'Spoon'>, <Utensil.FORK: 'Fork'>, <Utensil.HANDS: 'Hands'>]","[<Utensil.HANDS: 'Hands'>, <Utensil.KNIFE: 'Knife'>, <Utensil.FORK: 'Fork'>]",True,0.5
Ranch and Avocado Pasta Salad,Dinner Plate,Bowl,[<Utensil.FORK: 'Fork'>],"[<Utensil.KNIFE: 'Knife'>, <Utensil.FORK: 'Fork'>]",False,0.5
Roasted Tomato Soup,Bowl,Bowl,[<Utensil.SPOON: 'Spoon'>],[<Utensil.SPOON: 'Spoon'>],True,1.0
Mushrooms & Scrambled Eggs on Toast,Dinner Plate,Dinner Plate,"[<Utensil.KNIFE: 'Knife'>, <Utensil.FORK: 'Fork'>]","[<Utensil.HANDS: 'Hands'>, <Utensil.KNIFE: 'Knife'>, <Utensil.FORK: 'Fork'>]",True,0.6666666666666666
Baked Acorn Squash with Fruit,Dinner Plate,Dinner Plate,"[<Utensil.SPOON: 'Spoon'>, <Utensil.KNIFE: 'Knife'>, <Utensil.FORK: 'Fork'>]","[<Utensil.KNIFE: 'Knife'>, <Utensil.FORK: 'Fork'>, <Utensil.SPOON: 'Spoon'>]",True,1.0
Sea Bass with Gingered Vegetable Stir-Fry,Dinner Plate,Dinner Plate,"[<Utensil.FORK: 'Fork'>, <Utensil.SPOON: 'Spoon'>]","[<Utensil.KNIFE: 'Knife'>, <Utensil.FORK: 'Fork'>]",True,0.3333333333333333
Rhubarb Bread Pudding,Dessert Plate,Dessert Plate,[<Utensil.SPOON: 'Spoon'>],"[<Utensil.FORK: 'Fork'>, <Utensil.SPOON: 'Spoon'>]",True,0.5
Green Tomato Pie,Dinner Plate,Dessert Plate,"[<Utensil.SPOON: 'Spoon'>, <Utensil.KNIFE: 'Knife'>, <Utensil.FORK: 'Fork'>]","[<Utensil.HANDS: 'Hands'>, <Utensil.KNIFE: 'Knife'>, <Utensil.FORK: 'Fork'>, <Utensil.SPOON: 'Spoon'>]",False,0.75
Classic Chili,Bowl,Bowl,"[<Utensil.FORK: 'Fork'>, <Utensil.SPOON: 'Spoon'>]","[<Utensil.FORK: 'Fork'>, <Utensil.SPOON: 'Spoon'>]",True,1.0
Pad Thai with Kale,Dinner Plate,Bowl,"[<Utensil.FORK: 'Fork'>, <Utensil.CHOPS: 'Chopsticks'>]","[<Utensil.FORK: 'Fork'>, <Utensil.CHOPS: 'Chopsticks'>]",False,1.0
Korean-Style Cucumber Kimchi,Bowl,Bowl,"[<Utensil.SPOON: 'Spoon'>, <Utensil.CHOPS: 'Chopsticks'>]","[<Utensil.FORK: 'Fork'>, <Utensil.CHOPS: 'Chopsticks'>, <Utensil.SPOON: 'Spoon'>]",True,0.6666666666666666
BBQ Oysters,Dinner Plate,Dinner Plate,"[<Utensil.SPOON: 'Spoon'>, <Utensil.KNIFE: 'Knife'>, <Utensil.FORK: 'Fork'>]","[<Utensil.HANDS: 'Hands'>, <Utensil.FORK: 'Fork'>]",True,0.25
Spicy Sausage Ragu With Red Peppers,Dinner Plate,Dinner Plate,"[<Utensil.SPOON: 'Spoon'>, <Utensil.KNIFE: 'Knife'>, <Utensil.FORK: 'Fork'>]","[<Utensil.KNIFE: 'Knife'>, <Utensil.FORK: 'Fork'>, <Utensil.SPOON: 'Spoon'>]",True,1.0
Garlic and Red Pepper Broccoli,Dinner Plate,Dinner Plate,"[<Utensil.FORK: 'Fork'>, <Utensil.SPOON: 'Spoon'>]","[<Utensil.KNIFE: 'Knife'>, <Utensil.FORK: 'Fork'>, <Utensil.CHOPS: 'Chopsticks'>, <Utensil.SPOON: 'Spoon'>]",True,0.5
Tropical Coleslaw,Bowl,Bowl,"[<Utensil.FORK: 'Fork'>, <Utensil.SPOON: 'Spoon'>]","[<Utensil.FORK: 'Fork'>, <Utensil.SPOON: 'Spoon'>]",True,1.0
Middle Eastern Fava Bean Stew,Bowl,Bowl,[<Utensil.SPOON: 'Spoon'>],"[<Utensil.FORK: 'Fork'>, <Utensil.SPOON: 'Spoon'>]",True,0.5
Linguine With Sausage and Mushrooms,Dinner Plate,Coupe Plate,"[<Utensil.SPOON: 'Spoon'>, <Utensil.KNIFE: 'Knife'>, <Utensil.FORK: 'Fork'>]","[<Utensil.KNIFE: 'Knife'>, <Utensil.FORK: 'Fork'>]",False,0.6666666666666666
Grilled Octopus with Ancho Chile Sauce,Dinner Plate,Dinner Plate,"[<Utensil.SPOON: 'Spoon'>, <Utensil.KNIFE: 'Knife'>, <Utensil.FORK: 'Fork'>]","[<Utensil.KNIFE: 'Knife'>, <Utensil.FORK: 'Fork'>]",True,0.6666666666666666
Chicken Wings with Salsa Verde,Dinner Plate,Dinner Plate,"[<Utensil.SPOON: 'Spoon'>, <Utensil.FORK: 'Fork'>, <Utensil.HANDS: 'Hands'>]","[<Utensil.HANDS: 'Hands'>, <Utensil.KNIFE: 'Knife'>, <Utensil.FORK: 'Fork'>]",True,0.5
Banh Mi (Vietnamese Pulled Pork Sandwich),Dinner Plate,Dinner Plate,"[<Utensil.FORK: 'Fork'>, <Utensil.KNIFE: 'Knife'>, <Utensil.HANDS: 'Hands'>]","[<Utensil.HANDS: 'Hands'>, <Utensil.KNIFE: 'Knife'>, <Utensil.FORK: 'Fork'>]",True,1.0
Veggie Pizza,Dinner Plate,Dinner Plate,"[<Utensil.FORK: 'Fork'>, <Utensil.KNIFE: 'Knife'>, <Utensil.HANDS: 'Hands'>]","[<Utensil.HANDS: 'Hands'>, <Utensil.KNIFE: 'Knife'>, <Utensil.FORK: 'Fork'>]",True,1.0
Blueberry French Toast,Dinner Plate,Dinner Plate,"[<Utensil.KNIFE: 'Knife'>, <Utensil.FORK: 'Fork'>]","[<Utensil.HANDS: 'Hands'>, <Utensil.KNIFE: 'Knife'>, <Utensil.FORK: 'Fork'>]",True,0.6666666666666666
Baked Noodles and Eggplant,Dinner Plate,Bowl,"[<Utensil.FORK: 'Fork'>, <Utensil.SPOON: 'Spoon'>]","[<Utensil.KNIFE: 'Knife'>, <Utensil.FORK: 'Fork'>, <Utensil.CHOPS: 'Chopsticks'>]",False,0.25
Roasted Rosemary Turkey Breast,Dinner Plate,Dinner Plate,"[<Utensil.SPOON: 'Spoon'>, <Utensil.KNIFE: 'Knife'>, <Utensil.FORK: 'Fork'>]","[<Utensil.KNIFE: 'Knife'>, <Utensil.FORK: 'Fork'>]",True,0.6666666666666666
Baked Carrots,Dinner Plate,Dinner Plate,"[<Utensil.FORK: 'Fork'>, <Utensil.SPOON: 'Spoon'>]","[<Utensil.KNIFE: 'Knife'>, <Utensil.FORK: 'Fork'>]",True,0.3333333333333333
Dal With Chicken,Bowl,Bowl,"[<Utensil.SPOON: 'Spoon'>, <Utensil.FORK: 'Fork'>, <Utensil.HANDS: 'Hands'>]","[<Utensil.KNIFE: 'Knife'>, <Utensil.FORK: 'Fork'>, <Utensil.SPOON: 'Spoon'>]",True,0.5
Apple Walnut Cake,Dessert Plate,Dessert Plate,"[<Utensil.FORK: 'Fork'>, <Utensil.SPOON: 'Spoon'>]","[<Utensil.HANDS: 'Hands'>, <Utensil.FORK: 'Fork'>, <Utensil.SPOON: 'Spoon'>]",True,0.6666666666666666
Grilled Peaches with Cinnamon Ice Cream,Dessert Plate,Bowl,"[<Utensil.SPOON: 'Spoon'>, <Utensil.KNIFE: 'Knife'>, <Utensil.FORK: 'Fork'>]","[<Utensil.FORK: 'Fork'>, <Utensil.SPOON: 'Spoon'>]",False,0.6666666666666666
Chili Prawn and Tomato Spaghetti,Dinner Plate,Coupe Plate,"[<Utensil.FORK: 'Fork'>, <Utensil.SPOON: 'Spoon'>]","[<Utensil.KNIFE: 'Knife'>, <Utensil.FORK: 'Fork'>, <Utensil.SPOON: 'Spoon'>]",False,0.6666666666666666
Corn on the Cob with Cheese and Lime,Dinner Plate,Dinner Plate,"[<Utensil.KNIFE: 'Knife'>, <Utensil.FORK: 'Fork'>, <Utensil.HANDS: 'Hands'>]","[<Utensil.HANDS: 'Hands'>, <Utensil.SKEWER: 'Skewer'>]",True,0.25
Brownies,Dessert Plate,Dessert Plate,[<Utensil.FORK: 'Fork'>],"[<Utensil.HANDS: 'Hands'>, <Utensil.FORK: 'Fork'>, <Utensil.SPOON: 'Spoon'>]",True,0.3333333333333333
"Soft-Shell Crabs, With Lime Sauce",Dinner Plate,Dinner Plate,"[<Utensil.FORK: 'Fork'>, <Utensil.KNIFE: 'Knife'>, <Utensil.HANDS: 'Hands'>, <Utensil.SPOON: 'Spoon'>]","[<Utensil.HANDS: 'Hands'>, <Utensil.KNIFE: 'Knife'>, <Utensil.FORK: 'Fork'>]",True,0.75
Beef Stew with Dried Mushrooms,Bowl,Bowl,"[<Utensil.SPOON: 'Spoon'>, <Utensil.KNIFE: 'Knife'>, <Utensil.FORK: 'Fork'>]","[<Utensil.KNIFE: 'Knife'>, <Utensil.FORK: 'Fork'>, <Utensil.SPOON: 'Spoon'>]",True,1.0
Indian Spiced Shrimp,Dinner Plate,Dinner Plate,"[<Utensil.FORK: 'Fork'>, <Utensil.SPOON: 'Spoon'>, <Utensil.KNIFE: 'Knife'>, <Utensil.HANDS: 'Hands'>]","[<Utensil.HANDS: 'Hands'>, <Utensil.KNIFE: 'Knife'>, <Utensil.FORK: 'Fork'>, <Utensil.SPOON: 'Spoon'>]",True,1.0
Stuffed Green Bell Peppers,Dinner Plate,Dinner Plate,[<Utensil.FORK: 'Fork'>],"[<Utensil.KNIFE: 'Knife'>, <Utensil.FORK: 'Fork'>]",True,0.5
Herbal Tuna Salad,Bowl,Bowl,"[<Utensil.FORK: 'Fork'>, <Utensil.SPOON: 'Spoon'>]","[<Utensil.KNIFE: 'Knife'>, <Utensil.FORK: 'Fork'>]",True,0.3333333333333333
Sweet and Sour Pork,Dinner Plate,Dinner Plate,[<Utensil.FORK: 'Fork'>],"[<Utensil.KNIFE: 'Knife'>, <Utensil.FORK: 'Fork'>, <Utensil.CHOPS: 'Chopsticks'>]",True,0.3333333333333333
Caramel Oatmeal Bars,Dessert Plate,Dessert Plate,"[<Utensil.FORK: 'Fork'>, <Utensil.KNIFE: 'Knife'>, <Utensil.HANDS: 'Hands'>, <Utensil.SPOON: 'Spoon'>]",[<Utensil.HANDS: 'Hands'>],True,0.25
Snapper in Black Sauce,Dinner Plate,Dinner Plate,"[<Utensil.SPOON: 'Spoon'>, <Utensil.KNIFE: 'Knife'>, <Utensil.FORK: 'Fork'>]","[<Utensil.KNIFE: 'Knife'>, <Utensil.FORK: 'Fork'>, <Utensil.SPOON: 'Spoon'>]",True,1.0
American Potato Salad,Dinner Plate,Bowl,"[<Utensil.FORK: 'Fork'>, <Utensil.SPOON: 'Spoon'>]","[<Utensil.KNIFE: 'Knife'>, <Utensil.FORK: 'Fork'>, <Utensil.SPOON: 'Spoon'>]",False,0.6666666666666666
Chicken Piccata,Dinner Plate,Dinner Plate,"[<Utensil.SPOON: 'Spoon'>, <Utensil.KNIFE: 'Knife'>, <Utensil.FORK: 'Fork'>]","[<Utensil.KNIFE: 'Knife'>, <Utensil.FORK: 'Fork'>]",True,0.6666666666666666
Creamy Baked Mac and Cheese,Dinner Plate,Dinner Plate,"[<Utensil.FORK: 'Fork'>, <Utensil.SPOON: 'Spoon'>]","[<Utensil.KNIFE: 'Knife'>, <Utensil.FORK: 'Fork'>, <Utensil.SPOON: 'Spoon'>]",True,0.6666666666666666
Chicken & Broccoli Cannelloni,Dinner Plate,Dinner Plate,"[<Utensil.FORK: 'Fork'>, <Utensil.SPOON: 'Spoon'>]","[<Utensil.KNIFE: 'Knife'>, <Utensil.FORK: 'Fork'>]",True,0.3333333333333333
"Rice With Lemon, Capers & Parsley",Dinner Plate,Dinner Plate,[<Utensil.SPOON: 'Spoon'>],"[<Utensil.KNIFE: 'Knife'>, <Utensil.FORK: 'Fork'>, <Utensil.SPOON: 'Spoon'>]",True,0.3333333333333333
Ham and Asparagus Pie,Dinner Plate,Dinner Plate,"[<Utensil.KNIFE: 'Knife'>, <Utensil.FORK: 'Fork'>]","[<Utensil.KNIFE: 'Knife'>, <Utensil.FORK: 'Fork'>]",True,1.0
Cauliflower in Chilli Butter Sauce,Dinner Plate,Dinner Plate,"[<Utensil.FORK: 'Fork'>, <Utensil.SPOON: 'Spoon'>, <Utensil.HANDS: 'Hands'>]","[<Utensil.KNIFE: 'Knife'>, <Utensil.FORK: 'Fork'>, <Utensil.SPOON: 'Spoon'>]",True,0.5
Fruit and Veggie Couscous,Bowl,Bowl,"[<Utensil.FORK: 'Fork'>, <Utensil.SPOON: 'Spoon'>]","[<Utensil.FORK: 'Fork'>, <Utensil.SPOON: 'Spoon'>]",True,1.0
Chicken Fingers with Tomato-Jalapeno Sauce,Dinner Plate,Dinner Plate,"[<Utensil.SPOON: 'Spoon'>, <Utensil.FORK: 'Fork'>, <Utensil.HANDS: 'Hands'>]","[<Utensil.HANDS: 'Hands'>, <Utensil.KNIFE: 'Knife'>, <Utensil.FORK: 'Fork'>]",True,0.5
Chocolate Caramel Cake,Dessert Plate,Dessert Plate,"[<Utensil.FORK: 'Fork'>, <Utensil.SPOON: 'Spoon'>]","[<Utensil.FORK: 'Fork'>, <Utensil.SPOON: 'Spoon'>]",True,1.0
Mash Potatoes,Dinner Plate,Dinner Plate,"[<Utensil.FORK: 'Fork'>, <Utensil.SPOON: 'Spoon'>]","[<Utensil.FORK: 'Fork'>, <Utensil.SPOON: 'Spoon'>]",True,1.0
Tom Kha Gai (Thai Spicy Coconut Soup),Bowl,Bowl,"[<Utensil.FORK: 'Fork'>, <Utensil.SPOON: 'Spoon'>]",[<Utensil.SPOON: 'Spoon'>],True,0.5
Black Bean Chili,Bowl,Bowl,"[<Utensil.FORK: 'Fork'>, <Utensil.SPOON: 'Spoon'>]","[<Utensil.FORK: 'Fork'>, <Utensil.SPOON: 'Spoon'>]",True,1.0
Lemon Garlic Salmon,Dinner Plate,Dinner Plate,"[<Utensil.SPOON: 'Spoon'>, <Utensil.KNIFE: 'Knife'>, <Utensil.FORK: 'Fork'>]","[<Utensil.KNIFE: 'Knife'>, <Utensil.FORK: 'Fork'>]",True,0.6666666666666666
Heirloom Tomato Salad with Basil Vinaigrette,Dinner Plate,Bowl,"[<Utensil.FORK: 'Fork'>, <Utensil.SPOON: 'Spoon'>]","[<Utensil.KNIFE: 'Knife'>, <Utensil.FORK: 'Fork'>]",False,0.3333333333333333
Quinoa Veggie Burgers,Dinner Plate,Dinner Plate,"[<Utensil.FORK: 'Fork'>, <Utensil.KNIFE: 'Knife'>, <Utensil.HANDS: 'Hands'>, <Utensil.SPOON: 'Spoon'>]","[<Utensil.HANDS: 'Hands'>, <Utensil.KNIFE: 'Knife'>, <Utensil.FORK: 'Fork'>]",True,0.75
