Object,Location1,Location2,Location3,Location4,Location5
action figure,television room,playroom,dining room,exercise room,storage room
adjustable wrench,television room,utility room,kitchen,exercise room,living room
alarmclock,bedroom,None,None,None,None
aluminumfoil,kitchen,None,None,None,None
android figure,dining room,lobby,garage,exercise room,corridor
anti slip tape,bathroom,storage room,lobby,childs room,pantry room
antidepressant,kitchen,closet,childs room,utility room,exercise room
antique,attic,trunk,loft,None,None
apple,kitchen,storage room,living room,home office,bathroom
applesauce,jar,None,None,None,None
appliance,home,house,None,None,None
apricot,table,None,None,None,None
armchair,living room,bedroom,apartment,livin room,lounge
armoire,bedroom,house,living room,None,None
armrest,car,None,None,None,None
arrow,quiver,None,None,None,None
artichoke,refrigerator,None,None,None,None
ashtray,table,house,None,None,None
atm,bank,None,None,None,None
attic,home,None,None,None,None
backpack,lobby,utility room,dining room,bedroom,closet
bacon, oven, fridge,None,None,None
balancing cactu,exercise room,bathroom,television room,storage room,living room
ball,ballroom,closet,playroom,sack,None
balustrade,grand ballroom,None,None,None,None
banana,exercise room,childs room,storage room,corridor,playroom
bar, lobby, basement, oven,None,None
baseball,pantry room,dining room,living room,playroom,lobby
baseballbat,bedroom,None,None,None,None
basil, garden,None,None,None,None
basketball,bedroom,None,None,None,None
bat,attic,room, house,cellar, well
bath sheet,utility room,playroom,childs room,closet,living room
bathtub,bathroom,None,None,None,None
bathtubbasin,bathroom,None,None,None,None
batter, box, pan,box,None,None
battery,dining room,garage,pantry room,living room,corridor
beacon,range,None,None,None,None
beanbag,bedroom,child's bedroom,house,room,None
beard color gel,pantry room,home office,corridor,kitchen,bathroom
beauty pack,bedroom,childs room,storage room,living room,utility room
bed,bedroom,apartment,basement,hotel room,house
bedroom,apartment,dwelling,house,loft,None
beer,bar,boat,bottle,can,container
beet,can,jar,None,None,None
belt,closet,suitcase,None,None,None
beverage,bottle,bar,None,None,None
biscuit,oven,None,None,None,None
blanket,backpack,bedroom,closet,drawer,trunk
bleach cleanser,utility room,kitchen,closet,home office,playroom
blender,apartment,kitchen,None,None,None
blender jar,exercise room,pantry room,playroom,bathroom,living room
blind,kitchen,living room,bedroom,None,None
blouse,suitcase,None,None,None,None
board game,closet,childs room,storage room,home office,utility room
boat,bay,None,None,None,None
boater,boat,None,None,None,None
bolt,jar,None,None,None,None
book,kitchen,living room,bedroom,playroom,bathroom
bookcase,den,house,study,None,None
bookend,playroom,exercise room,utility room,bedroom,television room
bookshelf,bedroom,library,None,None,None
boot,living room,bedroom,None,None,None
booze,bar,None,None,None,None
bottle,kitchen,cellar,None,None,None
bourbon, barrel,None,None,None,None
bowl,kitchen,living room,bedroom,corridor,storage room
box,living room,bedroom,home office,closet,storage room
bra,drawer,suitcase,None,None,None
brain, head,None,None,None,None
brandy,bar,None,None,None,None
bread,kitchen,basket,breadbox,oven,pantry
breakfast,table,None,None,None,None
broccoli, oven,None,None,None,None
broiler, oven,None,None,None,None
broom,cabinet,closet,None,None,None
bug,garden,loft,None,None,None
bulb,lamp,None,None,None,None
bullet, barrel, chamber,None,None,None
bumper,car,None,None,None,None
bun,breadbox,None,None,None,None
bundt pan,home office,bedroom,pantry room,exercise room,garage
bureau,bedroom,None,None,None,None
burner,oven,None,None,None,None
butter dish,childs room,playroom,garage,corridor,exercise room
butterknife,kitchen,None,None,None,None
cabbage,freezer,plate,None,None,None
cabinet,kitchen,living room,bedroom,bathroom,None
cake mix,pantry room,home office,corridor,kitchen,bathroom
cake pan,storage room,childs room,utility room,corridor,bedroom
calender,desk,None,None,None,None
camera,storage room,corridor,bedroom,home office,garage
camper,cabin,camp,bed,bunk,ir room
can opener,childs room,utility room,dining room,playroom,living room
candelabra,table,None,None,None,None
candle,living room,bathroom,bedroom,cabinet,dimly lit room
candle holder,kitchen,utility room,bedroom,garage,home office
candlestick,table,None,None,None,None
candy,closet,exercise room,bathroom,playroom,utility room
candy bar,childs room,pantry room,bathroom,exercise room,utility room
canister,bedroom,corridor,playroom,closet,kitchen
canteen,backpack,None,None,None,None
cap,suitcase,drawer,None,None,None
carburettor,car,None,None,None,None
card, deck,box,None,None,None
card game,closet,garage,utility room,corridor,storage room
carpeting,bed,bedroom,house,room,None
carrot, oven,cellar,fridge,refrigerator,None
carrying case,home office,utility room,storage room,living room,pantry room
case,court,trunk,None,None,None
casserole dish,television room,bathroom,home office,storage room,childs room
cauliflower, oven,None,None,None,None
cd,bedroom,cabinet,drawer,None,None
celery,refrigerator,None,None,None,None
cellar,basement,castle,None,None,None
cellphone,kitchen,living room,bedroom,purse,None
centerpiece,table,None,None,None,None
cereal,utility room,television room,bedroom,home office,kitchen
chain,utility room,television room,kitchen,corridor,pantry room
chair,kitchen,living room,bedroom,None,None
chalk,classroom,None,None,None,None
chalkboard,classroom,None,None,None,None
check,bank,box,wallet,None,None
cheese,fridge,plate,refrigerator,None,None
chesterfield,foyer,living room,None,None,None
chicken, oven, freezer,None,None,None
chickpea, oven,None,None,None,None
china,cabinet,None,None,None,None
chip, pot,None,None,None,None
chocolate,storage room,dining room,exercise room,corridor,bathroom
chocolate box,lobby,exercise room,kitchen,dining room,television room
chocolate milk pod,lobby,exercise room,kitchen,dining room,television room
chocolate powder,closet,corridor,playroom,storage room,lobby
chopping board,utility room,pantry room,kitchen,bedroom,childs room
cinnamon,kitchen,None,None,None,None
clamp,playroom,garage,corridor,bedroom,pantry room
clay,kitchen,living room,television room,garage,bedroom
clipboard,classroom,desk,None,None,None
clock,dining room,garage,pantry room,living room,corridor
closet,bedroom,house,room,apartment,None
cloth,bedroom,bathroom,storage room,corridor,childs room
clothing,backpack,closet,drawer,floor,hamper
coaster,desk,table,drawer,None,None
coat,backpack,closet,wardrobe,None,None
coating,range,None,None,None,None
cockpit, head,None,None,None,None
coffee, pot,None,None,None,None
coffee bean,television room,closet,childs room,lobby,home office
coffee pod,exercise room,dining room,playroom,bedroom,home office
coffeemachine,kitchen,None,None,None,None
coffeemaker,pantry room,lobby,dining room,storage room,utility room
coffeetable,living room,bedroom,None,None,None
coil, machine,None,None,None,None
coke,bar,can,None,None,None
cola,fridge,None,None,None,None
collage,one of  classroom,None,None,None,None
colored wood block,closet,living room,playroom,childs room,bedroom
column,table,None,None,None,None
comb, hive,None,None,None,None
comfort,bed,home,None,None,None
compote,jar,None,None,None,None
computer,apartment,backpack,box,car,classroom
condiment,bedroom,home office,childs room,pantry room,lobby
condom,bathroom,bedroom,package,pocket,purse
conserve,jar,None,None,None,None
container, refrigerator,automobile,car,None,None
contraceptive,drawer,None,None,None,None
cookbook,shelf,None,None,None,None
cookie, oven,None,None,None,None
cookies,box,breadbox,container,fridge,house
cooler, kitchen,None,None,None,None
copyholder,desk,None,None,None,None
cord,backpack,bundle,delivery room,cabinet,None
coronet,cabinet,None,None,None,None
cosmetic,drawer,None,None,None,None
couch,apartment,cash's room,den,house,livingroom
countertop,kitchen,bedroom,bathroom,numerous modern washroom,None
cracker,breadbox,pantry,None,None,None
cracker box,corridor,living room,storage room,dining room,childs room
crate, kitchen, living room,None,None,None
crayon,home office,utility room,lobby,garage,playroom
creditcard,kitchen,living room,bedroom,None,None
crisp,table,None,None,None,None
crowbar,cabinet,None,None,None,None
cube storage box,utility room,bedroom,childs room,kitchen,home office
cubicle,bank,None,None,None,None
cup,kitchen,closet,storage room,living room,home office
cupcake, oven,None,None,None,None
curtain,kitchen,living room,bedroom,None,None
cushion,kitchen,bedroom,closet,storage room,garage
custard,refrigerator,None,None,None,None
cutlery,table,None,None,None,None
damper,attic,None,None,None,None
dashboard,car,None,None,None,None
decanter,bar,None,None,None,None
deck,backyard,boat,None,None,None
design,plate,None,None,None,None
desk,bedroom,living room, middle of  room, living room, side of  room
desk caddy,garage,playroom,pantry room,storage room,home office
desklamp,living room,bedroom,None,None,None
desktop,bedroom,None,None,None,None
dessert,refrigerator,None,None,None,None
diaper pack,playroom,exercise room,utility room,bedroom,television room
diary,desk,None,None,None,None
dictionary,library,classroom,shelf,table,None
dietary supplement,childs room,living room,closet,bedroom,kitchen
dime,purse,None,None,None,None
diningtable,kitchen,living room,None,None,None
dinner,oven,table,None,None,None
dish,cabinet,kitchen,pantry,sink,table
dish drainer,dining room,bedroom,kitchen,closet,playroom
dishsponge,kitchen,bathroom,None,None,None
dishtowel,utility room,childs room,pantry room,living room,corridor
dishwasher, kitchen,apartment,kitchen,None,None
dispensing closure,home office,utility room,storage room,living room,pantry room
document,suitcase,None,None,None,None
dog bowl,dining room,exercise room,bedroom,bathroom,television room
dog chew toy,playroom,utility room,childs room,television room,home office
dogbed,living room,bedroom,None,None,None
dollhouse toy,utility room,bedroom,corridor,garage,home office
donut,corridor,home office,television room,playroom,lobby
door,apartment,car,classroom,library,room
doughnut, fridge,None,None,None,None
drawer,kitchen,living room,bedroom,bathroom,chest
dresser,bedroom,living room,bathroom,drawer,home
dressing,refrigerator,None,None,None,None
drill,basement,cabinet,toolbox,None,None
drink,can,bar,backpack,bottle,cabinet
drink coaster,dining room,utility room,home office,closet,bathroom
driveway,car,None,None,None,None
drum,child's room,orchestra,None,None,None
dryer, basement,basement,None,None,None
duck, oven,None,None,None,None
duct, attic,house,None,None,None
duct tape,pantry room,playroom,closet,garage,corridor
dumbbell,bedroom,living room,utility room,exercise room,storage room
dumbbell rack,exercise room,childs room,storage room,corridor,playroom
dungeon,basement,None,None,None,None
dustbin,broom closet,closet,kitchen,None,None
dustpan and brush,childs room,dining room,bathroom,home office,utility room
dutch oven,playroom,bedroom,exercise room,closet,corridor
duvet,bed,bedroom,living room,None,None
easter basket,utility room,television room,bedroom,home office,kitchen
edible,plate,None,None,None,None
egg,kitchen, nest,None,None,None
eggplant, oven,None,None,None,None
electric heater,storage room,corridor,bedroom,home office,garage
electric toothbrush,garage,playroom,pantry room,storage room,home office
electronic adapter,dining room,kitchen,closet,bedroom,utility room
electronic cable,garage,playroom,television room,storage room,kitchen
elevator,apartment,None,None,None,None
emperor,palace, hall,None,None,None
engraving,plate,None,None,None,None
envelope,desk,drawer,cabinet,None,None
face moisturizer,television room,childs room,living room,home office,playroom
faucet,bathroom,kitchen,bathroom or kitchen,restroom,sink
figurine,cabinet,shelf,None,None,None
file sorter,exercise room,pantry room,playroom,bathroom,living room
film,cabinet,drawer,None,None,None
fingerpaint,exercise room,television room,kitchen,lobby,utility room
fire, basement, kitchen, attic,None,None
firearm,cabinet,None,None,None,None
fireplace, living room, family room, dining room,master bedroom, basement
fish,aquarium,boat,refrigerator,tank,None
fitness tracker wristband,storage room,bathroom,home office,utility room,exercise room
flag,classroom,None,None,None,None
flashlight,pantry room,living room,playroom,childs room,lobby
flat screwdriver,kitchen,utility room,bedroom,garage,home office
floor,kitchen,living room,bedroom,bathroom,None
floorlamp,living room,None,None,None,None
foam brick,dining room,bathroom,bedroom,television room,lobby
folder,playroom,bathroom,pantry room,bedroom,garage
fondant,television room,storage room,living room,exercise room,home office
food,backpack,boat,bowl,cabinet,can
foot,desk,floor,shoe,table,boot
footstool,bedroom,bathroom,desk,family room,living room
foresail,boat,None,None,None,None
fork,kitchen,corridor,pantry room,storage room,garage
form,cabinet,desk,None,None,None
foundation,closet,None,None,None,None
foyer,apartment,home,house,mansion,None
frame,bed,None,None,None,None
freezer, kitchen,None,None,None,None
fridge,kitchen, kitchen,None,None,None
frosting,jar,None,None,None,None
fruit,container,fridge,jar,pantry,plate
fruit snack,playroom,kitchen,television room,corridor,dining room
fur,cat,jacket,None,None,None
furnace,basement,cellar,home,house,None
furniture,apartment,floor,house,loft,room
ga,boat,None,None,None,None
galley,boat,None,None,None,None
garage,bike,car,home,house,None
garbage,dumpster,can,container,floor,None
garbagebag,kitchen,bedroom,None,None,None
garbagecan,kitchen,living room,bedroom,bathroom,None
garlic,kitchen,None,None,None,None
garment,suitcase,None,None,None,None
garter,drawer,None,None,None,None
gate,apartment,backyard,garden,None,None
gauze,backpack,cabinet,None,None,None
gear,car,None,None,None,None
gel,container,bathroom,refrigerator,None,None
gelatin box,garage,childs room,home office,corridor,playroom
gin,bar,None,None,None,None
glass,bar,cabinet,case,drawer,home
glove,exercise room,bathroom,garage,playroom,storage room
golf ball,kitchen,exercise room,pantry room,dining room,bedroom
goose, oven,None,None,None,None
graphics card,storage room,dining room,exercise room,corridor,bathroom
guard, room, kitchen,None,None,None
gun, car, house, home,bag, closet
hair color,closet,childs room,television room,kitchen,lobby
hair conditioner,home office,bedroom,exercise room,lobby,closet
hair dryer,dining room,bedroom,utility room,playroom,exercise room
hair straightener,exercise room,dining room,kitchen,bathroom,playroom
ham,fridge,refrigerator,None,None,None
hammer,closet,pantry room,television room,dining room,bedroom
hand,pocket,None,None,None,None
hand bell,corridor,childs room,television room,closet,bathroom
handbag,storage room,bathroom,corridor,childs room,playroom
handset, cradle,None,None,None,None
handtowel,bathroom,None,None,None,None
handtowelholder,bathroom,None,None,None,None
harbor,boat,None,None,None,None
hard drive,television room,utility room,living room,dining room,pantry room
hard drive case,dining room,bathroom,bedroom,television room,lobby
hardware, packet,house,None,None,None
hat,closet,corridor,lobby,television room,home office
headlight,car,None,None,None,None
headphone,utility room,storage room,bedroom,living room,childs room
heater,automobile,dwelling,home,house,None
heavy duty glove,garage,bedroom,home office,closet,utility room
heavy master chef can,lobby,storage room,corridor,bedroom,dining room
hedge,backyard,None,None,None,None
helmet,exercise room,bathroom,television room,storage room,living room
herring,jar,None,None,None,None
herring fillet,childs room,closet,storage room,kitchen,living room
holdall,closet,None,None,None,None
honey,beehive,jar,None,None,None
honey dipper,television room,living room,lobby,dining room,childs room
horn,automobile,car,truck,None,None
house,bedroom,None,None,None,None
houseplant,kitchen,living room,bedroom,bathroom,None
icecream,freezer,None,None,None,None
incontinence pad,childs room,playroom,garage,corridor,exercise room
ingredient,kitchen,None,None,None,None
ink cartridge,dining room,storage room,living room,television room,corridor
instant camera,kitchen,living room,television room,garage,bedroom
invitation card,childs room,corridor,lobby,garage,dining room
ipod,apartment,None,None,None,None
jack,box,trunk,None,None,None
jacket,closet,suitcase,None,None,None
jam,jar,refrigerator,None,None,None
jar,garage,bedroom,home office,pantry room,childs room
jean,bedroom,closet,drawer,house,None
jenga,dining room,bedroom,television room,garage,kitchen
jewelry,box,safe,suitcase,vault,None
jewelry box,garage,bedroom,home office,pantry room,childs room
john,bar,bathroom,house,prostitute's bedroom,None
joist,basement,None,None,None,None
journal,library,None,None,None,None
juice,fridge,refrigerator,None,None,None
jukebox,bar,None,None,None,None
junk,attic,bed,box,cellar,desk
kettle,kitchen,None,None,None,None
keyboard,pantry room,kitchen,utility room,playroom,bathroom
keychain,living room,bedroom,None,None,None
kitchen,small room,apartment,breadbox,home,None
kitchenette,apartment,dormroom,hotel room,house,one room flat
knife,kitchen,utility room,television room,corridor,pantry room
knife block,garage,bathroom,living room,dining room,television room
labeling tape,utility room,storage room,garage,childs room,pantry room
ladle,kitchen,drawer,None,None,None
lamb, oven,None,None,None,None
lame,loft,None,None,None,None
lamp,bedroom,living room,bathroom,closet,garage
lantern,kitchen,corridor,pantry room,storage room,garage
laptop,living room,bedroom,lobby,garage,corridor
laptop cover,corridor,childs room,bedroom,pantry room,living room
laptop stand,home office,closet,storage room,exercise room,childs room
large marker,utility room,childs room,pantry room,playroom,television room
lasagna,freezer,plate,None,None,None
laundry, basement, kitchen,cellar,None,None
laundry box,television room,home office,dining room,exercise room,bathroom
laundryhamper,bedroom,None,None,None,None
laxative,childs room,closet,bathroom,bedroom,utility room
lego duplo,utility room,living room,corridor,dining room,exercise room
lemon,kitchen,pantry room,bathroom,corridor,playroom
letter holder,television room,storage room,living room,exercise room,home office
lettuce,kitchen,None,None,None,None
library,room,None,None,None,None
lid,drawer,None,None,None,None
lifeboat,boat,None,None,None,None
light,attic,closet,desk,fridge,None
light bulb,living room,kitchen,television room,playroom,pantry room
lightswitch,kitchen,living room,bedroom,bathroom,None
lime squeezer,childs room,closet,bathroom,bedroom,utility room
linoleum,floor,furniture,house,kitchen,None
lip,can,None,None,None,None
lipstick,playroom,utility room,childs room,exercise room,storage room
liquor,bar,cabinet,None,None,None
loaf, oven, fridge,None,None,None
lobster, tank, pot,None,None,None
loft,apartment,None,None,None,None
lotion,cabinet,None,None,None,None
lunch,backpack,desk,None,None,None
lunch bag,playroom,bathroom,living room,kitchen,corridor
lunch box,bathroom,dining room,kitchen,exercise room,playroom
magazine,bed,library,mailbox,table,waiting room
magnet,car,fridge,None,None,None
magnifying glas,dining room,storage room,living room,television room,corridor
mail,fridge,house,table,None,None
mailbox,apartment,garden,None,None,None
mainsail,boat,None,None,None,None
makeup,purse,None,None,None,None
marshmallow, oven,None,None,None,None
mascara,childs room,bathroom,living room,lobby,kitchen
mast, boat,None,None,None,None
master chef can,closet,living room,playroom,childs room,bedroom
mat,bathroom,floor,house,living room,None
match,backpack,box,None,None,None
mayo,jar,None,None,None,None
mayonnaise,jar,refrigerator,None,None,None
measuring tape,living room,kitchen,television room,utility room,corridor
meatloaf,oven,None,None,None,None
medicine,childs room,closet,television room,corridor,bathroom
memory,pantry,None,None,None,None
meringue, oven,None,None,None,None
metronome,cabinet,class room,None,None,None
microwave,kitchen, kitchen,apartment,None,None
milk,bottle,carton,container,freezer,fridge
milk fror,playroom,pantry room,storage room,television room,bedroom
mini soccer ball,corridor,home office,television room,playroom,lobby
mint,refrigerator,None,None,None,None
mirror,kitchen,living room,bedroom,bathroom, room
mit,bed,None,None,None,None
moistener,bathroom,purse,None,None,None
mold,breadbox,cellar,fridge,refrigerator,None
monitor,box,desk,None,None,None
moonshine,jar,None,None,None,None
mop,apartment,None,None,None,None
morboard,television room,utility room,living room,dining room,pantry room
mouse,kitchen,living room,attic,storage room,childs room
mouse pad,home office,pantry room,lobby,utility room,playroom
mousepad,desk,None,None,None,None
movie dvd,home office,bedroom,pantry room,exercise room,garage
muffin, oven,None,None,None,None
mug,kitchen,bedroom,childs room,exercise room,bathroom
mule, pitcher,None,None,None,None
multiport hub,living room,bathroom,closet,garage,corridor
museum, house, castle,None,None,None
mustard bottle,home office,pantry room,lobby,utility room,playroom
nail,board,cabinet,container,jar,None
napkin,table,cabinet,None,None,None
neck rest,living room,kitchen,television room,playroom,pantry room
neckwear,closet,None,None,None,None
net,boat,None,None,None,None
netting,backpack,None,None,None,None
newspaper,living room,None,None,None,None
nine hole peg test,garage,playroom,television room,storage room,kitchen
nintendo switch,television room,bathroom,exercise room,storage room,kitchen
notebook,package,None,None,None,None
oil,car,engine,kitchen,lamp,well
ointment,jar,None,None,None,None
olive,jar,None,None,None,None
orange,lobby,home office,kitchen,garage,playroom
organiser,desk,None,None,None,None
ottoman,living room,basement,den,parlor,None
outfit,closet,None,None,None,None
oven, kitchen,home,stove,None,None
pad,bathroom drawer,briefcase,desk,furniture,None
padlock,television room,home office,garage,pantry room,storage room
paint, container,can,shelf,cabinet,None
paint bottle set,bathroom,storage room,lobby,childs room,pantry room
paint maker,television room,storage room,garage,lobby,utility room
painting,living room,bedroom,bathroom,None,None
pajama,suitcase,None,None,None,None
pan,kitchen,pantry room,bathroom,corridor,playroom
pantry, kitchen,None,None,None,None
paper,drawer,suitcase,table,None,None
paper bag,pantry room,childs room,television room,kitchen,storage room
paperclip,desk,cabinet,None,None,None
papertowelroll,kitchen,bathroom,None,None,None
paperweight,desk,None,None,None,None
parchment sheet,lobby,living room,closet,pantry room,corridor
parsley,plate,None,None,None,None
paste,cabinet,None,None,None,None
pastry, fridge, oven, tin,None,None
pea,can,freezer,plate,pod,None
peach,living room,playroom,storage room,garage,bedroom
pear,bathroom,utility room,closet,bedroom,childs room
pedal,car,None,None,None,None
peg and hammer toy,utility room,bedroom,corridor,garage,home office
pen,kitchen,living room,bedroom,None,None
pencil,kitchen,living room,bedroom, box,backpack
pencil case,closet,lobby,pantry room,childs room,exercise room
pepper, oven,None,None,None,None
peppermint,home office,utility room,kitchen,lobby,television room
peppershaker,kitchen,None,None,None,None
pepsi,fridge,None,None,None,None
pepsi can pack,playroom,exercise room,pantry room,corridor,lobby
perfume,cabinet,None,None,None,None
pesto,jar,refrigerator,None,None,None
pet food supplement,corridor,childs room,home office,storage room,television room
phillips screwdriver,dining room,kitchen,closet,bedroom,utility room
phone,pocket,bag, truck,range,cradle
phone armband case,living room,kitchen,television room,utility room,corridor
phone stand,exercise room,bathroom,playroom,garage,pantry room
photo,cabinet,None,None,None,None
photocopier,library,None,None,None,None
photograph,shelf,home,None,None,None
piccalilli,jar,None,None,None,None
picture frame,living room,utility room,exercise room,storage room,bedroom
pie, oven,freezer,fridge,home,kitchen
pill,bottle,cabinet,jar,purse,None
pillow,bedroom,living room,corridor,childs room,pantry room
pillowcase,bed,bedroom,None,None,None
pineapple,jar,None,None,None,None
pirate,boat,None,None,None,None
pit,backyard,None,None,None,None
pitcher base,television room,living room,garage,lobby,exercise room
pizza, oven,None,None,None,None
plant,garage,childs room,home office,corridor,playroom
plant container,utility room,storage room,garage,childs room,pantry room
plant saucer,television room,storage room,garage,lobby,utility room
plate,kitchen,living room,garage,bathroom,dining room
platter,cabinet,None,None,None,None
pliers,box,cabinet,house,None,None
plum,living room,dining room,bedroom,storage room,home office
plumbing,bathroom,house,kitchen,None,None
plunger,bathroom,None,None,None,None
popsicle,freezer,None,None,None,None
pork, oven,None,None,None,None
portable speaker,television room,closet,garage,childs room,living room
poster,bedroom,None,None,None,None
pot,kitchen,backpack,drawer,None,None
potato,kitchen, oven, microwave, pan, bowl
potted meat can,television room,bedroom,playroom,childs room,dining room
pottery,kitchen,chamber,None,None,None
pouch,pantry,None,None,None,None
power drill,pantry room,dining room,living room,playroom,lobby
prawn, oven,None,None,None,None
presentation,way,None,None,None,None
preserve,jar,None,None,None,None
pressure cooker,lobby,exercise room,utility room,closet,storage room
pretzel, oven,None,None,None,None
propellor,boat,None,None,None,None
prow,boat,None,None,None,None
pudding, oven,container,None,None,None
pudding box,utility room,kitchen,closet,home office,playroom
pump,boat,None,None,None,None
puzzle game,utility room,pantry room,home office,bathroom,garage
pyjama,bedroom,None,None,None,None
quilt,trunk,None,None,None,None
rack,oven,None,None,None,None
racquetball,bedroom,childs room,exercise room,bathroom,utility room
radiator,apartment,car,truck,room,None
radio,range,bag, kitchen,bedroom,trunk
rafter,attic,None,None,None,None
rag,cabinet,None,None,None,None
raincoat,backpack,None,None,None,None
ramekin,lobby,closet,television room,pantry room,bedroom
reader,library,None,None,None,None
reference,library,None,None,None,None
refrigerator, kitchen,apartment,home,hospital drug storeroom,house
remote control,pantry room,bathroom,dining room,childs room,bedroom
remotecontrol,living room,bedroom,None,None,None
residence,home,None,None,None,None
restroom,library,None,None,None,None
rib,refrigerator,None,None,None,None
ribbon,bath,box,None,None,None
rice,pantry,refrigerator,None,None,None
rmal laminator,bedroom,corridor,playroom,closet,kitchen
roast, oven,oven,None,None,None
robe,suitcase,None,None,None,None
rod,engine,None,None,None,None
roll,breadbox,None,None,None,None
rolodex,desk,None,None,None,None
romaine,refrigerator,None,None,None,None
rook,castle,None,None,None,None
room,apartment,None,None,None,None
roomdecor,living room,None,None,None,None
rope,backpack,boat,None,None,None
rose,garden,None,None,None,None
rotisserie,oven,None,None,None,None
router,dining room,lobby,garage,exercise room,corridor
row,table,None,None,None,None
rubiks cube,living room,dining room,bedroom,storage room,home office
rudder,boat,None,None,None,None
rug,bed,bedroom,desk,living room,place
rule,classroom,None,None,None,None
ruler,desk,drawer,cabinet,None,None
sachet,drawer,None,None,None,None
safe,kitchen,living room,bedroom,cabinet,closet
salad,refrigerator,None,None,None,None
salmon, oven,None,None,None,None
salt,cabinet,home,shaker,shelf,table
salt shaker,bathroom,living room,garage,closet,playroom
saltshaker,kitchen,cabinet,cruet,None,None
sander,cabinet,None,None,None,None
sandwich,fridge,plate,None,None,None
sanitary pad,home office,exercise room,childs room,closet,lobby
sauce,plate,None,None,None,None
saucepan,cabinet,kitchen,None,None,None
saucer,kitchen,pantry room,living room,bedroom,garage
saute pan,garage,playroom,kitchen,dining room,childs room
saw,basement,toolbox,None,None,None
scallop, shell,None,None,None,None
scarf,drawer,suitcase,None,None,None
school,backpack,classroom,None,None,None
schoolbook,backpack,None,None,None,None
scissors,utility room,pantry room,kitchen,bedroom,childs room
scone, oven,None,None,None,None
screwdriver,bar,drawer,toolbox,None,None
scrubbrush,bathroom,None,None,None,None
set-top box,television room,bedroom,playroom,childs room,dining room
setting,table,None,None,None,None
sextant,boat,None,None,None,None
shear, machine,None,None,None,None
shed,backyard,None,None,None,None
sheet, range,bedroom,drawer,None,None
shelf,bedroom,bathroom,kitchen,living room,cabinet
shellac,can,None,None,None,None
shelvingunit,kitchen,living room,bedroom,None,None
shirt,closet,drawer,dresser,suitcase,None
shoe,closet,bathroom,utility room,bedroom,childs room
shoe box,television room,home office,dining room,exercise room,bathroom
shop,basement,container,None,None,None
showercurtain,bathroom,None,None,None,None
showerdoor,bathroom,None,None,None,None
showerglas,bathroom,None,None,None,None
showerhead,bathroom,None,None,None,None
shredder,kitchen,exercise room,pantry room,dining room,bedroom
shrimp, oven, tank, freezer,plate,None
sideboard,dining room,home,kitchen,room,None
sidetable,kitchen,living room,bedroom,bathroom,None
sidewalk chalk,television room,bathroom,home office,storage room,childs room
sink,kitchen,bathroom, room,apartment,bathroom and kitchen
sinkbasin,kitchen,bathroom,None,None,None
skeleton,closet,None,None,None,None
skillet,lobby,home office,kitchen,garage,playroom
skillet lid,television room,exercise room,pantry room,garage,utility room
skin care product,closet,lobby,pantry room,childs room,exercise room
skin moisturizer,childs room,garage,utility room,lobby,bedroom
slack,suitcase,None,None,None,None
slip,drawer,None,None,None,None
slipper,bed,bedroom,home,None,None
snack,backpack,None,None,None,None
snack cake,utility room,pantry room,home office,bathroom,garage
snack dispenser,bathroom,playroom,storage room,kitchen,television room
snail,garden,shell,None,None,None
soap dish,closet,corridor,playroom,storage room,lobby
soap dispenser,exercise room,dining room,storage room,lobby,closet
soapbar,bathroom,None,None,None,None
soapbottle,kitchen,bathroom,None,None,None
socket,cabinet,None,None,None,None
soda,can,None,None,None,None
sofa,living room,bedroom,home,house,livingroom
softball,television room,exercise room,pantry room,garage,utility room
software cd,childs room,bathroom,living room,lobby,kitchen
sorting toy,childs room,garage,utility room,lobby,bedroom
soup,can,container,jar,None,None
spa,backyard,house,None,None,None
spam,can,container,None,None,None
sparkling water,childs room,corridor,lobby,garage,dining room
spatula,kitchen,closet,playroom,corridor,dining room
spice,cabinet,pantry,shelf,None,None
spider,basement,closet,cellar,garden,house
spinach, pan,None,None,None,None
sponge,utility room,bedroom,childs room,kitchen,home office
sponge dish,exercise room,dining room,storage room,lobby,closet
spoon,kitchen,lobby,storage room,corridor,bedroom
spoon rest,childs room,utility room,pantry room,playroom,home office
spraybottle,kitchen,bathroom,None,None,None
squash, oven,None,None,None,None
stacking cup,closet,exercise room,bathroom,playroom,utility room
stamper,cabinet,None,None,None,None
stand mixer,bathroom,playroom,bedroom,garage,living room
stapler,desk,cabinet,None,None,None
statue,kitchen,living room,bedroom,None,None
statuette,shelf,None,None,None,None
steak, oven, freezer,freezer,oven,plate
steel,automobile,None,None,None,None
stereo,car,None,None,None,None
stew,pot,None,None,None,None
stocking,suitcase,None,None,None,None
stool,kitchen,living room,bedroom,bar,classroom
storage,attic,locker,None,None,None
storage bin,storage room,bathroom,home office,utility room,exercise room
storehouse,basement,None,None,None,None
storeroom, basement,None,None,None,None
stove,apartment,house,living room,None,None
stoveburner,kitchen,None,None,None,None
stoveknob,kitchen,None,None,None,None
strawberry,kitchen,lobby,bedroom,utility room,bathroom
streamer,ballroom,None,None,None,None
string light,corridor,childs room,television room,closet,bathroom
stuffed toy,childs room,garage,exercise room,utility room,dining room
sugar,bag,container,jar,kitchen,None
sugar box,playroom,garage,corridor,bedroom,pantry room
sugar sprinkle,playroom,bathroom,living room,kitchen,corridor
suit,closet,suitcase,None,None,None
sunglass,bag,car,purse,None,None
sunscreen,backpack,None,None,None,None
supper,oven,None,None,None,None
surface saver ring,television room,living room,lobby,dining room,childs room
sushi,plate,None,None,None,None
sushi mat,home office,exercise room,bathroom,closet,corridor
sweater,drawer,closet,suitcase,trunk,None
tab,bar,None,None,None,None
table,kitchen,bedroom,living room, room,apartment
table lamp,television room,bedroom,lobby,bathroom,closet
tablet,storage room,garage,television room,closet,utility room
tablet holder,childs room,closet,storage room,kitchen,living room
tablet stand,corridor,childs room,home office,storage room,television room
tabletopdecor,bedroom,None,None,None,None
tag,range,None,None,None,None
tampon,bedroom,childs room,storage room,living room,utility room
tank, basement,range, living room,None,None
tap,bar,bathroom,bathtub,sink,None
tape,backpack,cabinet,drawer,None,None
tea,cup,refrigerator,teapot,None,None
tea can pack,closet,garage,utility room,corridor,storage room
tea pod,closet,pantry room,television room,living room,lobby
teapot,dining room,bedroom,kitchen,closet,playroom
teaspoon,cup,None,None,None,None
teddybear,bedroom,None,None,None,None
telephone,desk,None,None,None,None
television,living room,bedroom,apartment,bar,cabinet
tenderloin, oven,None,None,None,None
tennis ball,closet,playroom,corridor,dining room,television room
tennisracket,bedroom,None,None,None,None
tent,backpack,None,None,None,None
textbook,locker,backpack,None,None,None
thimble,cabinet,None,None,None,None
thing,backpack,cabinet,house,None,None
thread,cabinet,None,None,None,None
thumbtack,desk,None,None,None,None
tile, kitchen,bathroom,room,None,None
tissuebox,living room,bedroom,bathroom,None,None
toast,pocket,None,None,None,None
toaster,kitchen,lobby,garage,closet,bedroom
toffee,jar,None,None,None,None
tofu, oven,refrigerator,None,None,None
toilet,bathroom,separate room, bathroom, basement,independant room
toiletpaper,bathroom,None,None,None,None
toiletpaperhanger,bathroom,None,None,None,None
toiletry,suitcase,None,None,None,None
tomato,kitchen, oven, pot,None,None
tomato soup can,television room,utility room,kitchen,exercise room,living room
tool,basement,drawer,None,None,None
toothbrush,bathroom cabinet,bedroom,cabinet,suitcase,None
toothbrush holder,pantry room,childs room,television room,kitchen,storage room
toothbrush pack,playroom,kitchen,television room,corridor,dining room
toothpick,box,None,None,None,None
top,drawer,suitcase,None,None,None
torch,backpack,None,None,None,None
tortilla, oven,None,None,None,None
tourniquet,ambulance,None,None,None,None
towel,bathroom,television room,living room,garage,lobby
towelholder,bathroom,None,None,None,None
toy, box, house, living room, room,child's bedroom
toy airplane,dining room,bedroom,television room,bathroom,lobby
toy animal,kitchen,living room,utility room,playroom,home office
toy basketball,childs room,utility room,pantry room,playroom,home office
toy bowling set,playroom,pantry room,storage room,television room,bedroom
toy construction set,closet,pantry room,television room,living room,lobby
toy fishing,home office,exercise room,childs room,closet,lobby
toy food,home office,exercise room,bathroom,closet,corridor
toy furniture set,lobby,garage,closet,kitchen,bedroom
toy instrument,playroom,utility room,childs room,television room,home office
toy kitchen set,living room,utility room,home office,exercise room,television room
toy tool kit,playroom,television room,closet,lobby,utility room
toy vehicle,exercise room,television room,kitchen,lobby,utility room
transmission,car,None,None,None,None
transom,boat,None,None,None,None
tray,exercise room,bathroom,playroom,garage,pantry room
treasure,box,None,None,None,None
trinket,shelf,None,None,None,None
trouser,suitcase,None,None,None,None
trowel,cabinet,None,None,None,None
trunk,attic,automobile,bedroom,car,None
tub,kitchen,None,None,None,None
tumbler,bathroom,playroom,bedroom,garage,living room
tuna,can,None,None,None,None
turkey,fridge,oven,refrigerator,None,None
turtle,box,None,None,None,None
tuxedo,ballroom,None,None,None,None
tv,bedroom,room, living room,every room, house
tvstand,living room,None,None,None,None
tweed,closet,None,None,None,None
umbrella,dining room,utility room,home office,closet,bathroom
undershirt,drawer,None,None,None,None
underwear,backpack,drawer,suitcase,None,None
urinal,men's restroom,None,None,None,None
usb drive,pantry room,kitchen,bedroom,bathroom,corridor
utensil,backpack,drawer,None,None,None
utensil holder,lobby,living room,closet,pantry room,corridor
vacuum,closet,container,None,None,None
vacuumcleaner,bedroom,None,None,None,None
varnish,desk,table,None,None,None
vase,kitchen,living room,bedroom,television room,home office
vault,bank,None,None,None,None
vegetable, oven, pan,can,fridge,garden
vent,attic,room,house,None,None
vermouth,bar,None,None,None,None
video,drawer,cabinet,None,None,None
video game,exercise room,utility room,childs room,television room,pantry room
vinyl tape,playroom,television room,closet,lobby,utility room
viola,case,orchestra,None,None,None
violin,band room,music room,orchestra,cabinet,None
virtual reality viewer,lobby,exercise room,utility room,closet,storage room
vodka,bar,cabinet,None,None,None
voltmeter,drawer,None,None,None,None
volume,bookshelf,library,None,None,None
waffle,fridge,None,None,None,None
wagon,backyard,None,None,None,None
wallet,bed,pocket,purse,None,None
wardrobe, room,bedroom,closet,house,mansion
washcloth,bathroom,playroom,storage room,kitchen,television room
washer,jar,None,None,None,None
waste basket,living room,utility room,home office,exercise room,television room
wastebasket,desk,None,None,None,None
watch,living room,bedroom,bedroom drawer,None,None
water bottle,television room,bedroom,lobby,bathroom,closet
wateringcan,living room,None,None,None,None
weight,basement,None,None,None,None
weight loss guide,television room,closet,childs room,lobby,home office
whale whistle,dining room,exercise room,bedroom,bathroom,television room
wheelchair,home,None,None,None,None
whisk,drawer,None,None,None,None
whiskey,bar,None,None,None,None
whisky,bar,jar,None,None,None
window,kitchen,living room,bedroom,bathroom,None
windshield,sedan,None,None,None,None
wine,barrel,bottle,tank,None,None
wine glas,kitchen,None,None,None,None
winebottle,kitchen,None,None,None,None
wipe warmer,corridor,home office,playroom,childs room,pantry room
wireless accessory,bathroom,living room,garage,closet,playroom
wood,boat,desk,None,None,None
wool,butt,None,None,None,None
work,desk,None,None,None,None
wristwatch,case,None,None,None,None
xylitol sweetener,garage,bedroom,home office,closet,utility room
yam, oven,None,None,None,None
yarn,cabinet,None,None,None,None
yearbook,trunk,None,None,None,None
yoghurt,freezer,None,None,None,None
yogurt, oven,fridge,None,None,None
