object,correct_location,predicted_location,location_choices,correct_prediction
action figure,pantry room,palace,"['palace', 'laundry room', 'car', 'suitcase', 'pantry room']",False
adjustable wrench,bedroom,press,"['glass', 'bedroom', 'cat', 'loft', 'press']",False
alarmclock,bedroom,bedroom,"['attic', ""child's room"", 'different room', 'bedroom', 'larder']",True
aluminumfoil,kitchen,kitchen,"['kitchen', 'bathroom cabinet', 'exercise room', ""prostitute's bedroom"", 'lamp']",True
android figure,corridor,chest,"['separate room', 'teapot', 'castle', 'corridor', 'chest']",False
anti slip tape,exercise room,exercise room,"['home', 'exercise room', 'icebox', 'side of the room', ""children's room""]",True
antidepressant,pantry room,pantry room,"['pantry room', 'bundle', 'laundry room', 'larder', 'motel room']",True
antique,attic,attic,"['pot', 'attic', 'court', 'hall', 'butt']",True
apple,kitchen,kitchen,"['cup', 'bus', 'loft', 'kitchen', 'furniture']",True
applesauce,jar,jar,"['teapot', 'dishwasher', 'sack', 'jar', 'engine']",True
appliance,home,home,"['dining room', 'backyard', 'chest', 'hamper', 'home']",True
apricot,table,table,"['table', 'tea room', 'bike', 'bar', 'bathroom']",True
armchair,bedroom,bedroom,"['suitcase', 'classroom', 'bedroom', 'ir rooms', 'basket']",True
armoire,living room,living room,"['hospital drug storeroom', 'music room', 'vault', 'living room', 'cabin']",True
armrest,car,room of the house,"['car', 'childs room', 'purse', 'wallet', 'room of the house']",False
arrow,quiver,quiver,"['can', 'restroom', 'container', 'quiver', 'oven']",True
artichoke,refrigerator,refrigerator,"['bookshelf', 'range', ""teenager's bedroom"", 'refrigerator', 'freezer']",True
article,press,press,"['ambulance', 'way', ' middle of the room', 'drawer', 'press']",True
ashtray,house,guest room,"['guest room', 'basket', 'storage room', 'house', 'orchestra']",False
asparagus,oven,pantry room,"['oven', 'pantry room', 'glass', ""cash's room"", 'stand']",False
atm,bank,bank,"['palace', 'bank', 'bathroom', 'palace', 'dining room']",True
attic,home,home,"['home', 'dresser', 'bank', 'deck', 'family room']",True
backpack,storage room,storage room,"['pantry', 'barrel', 'storage room', 'loungeroom', ""children's room""]",True
bacon,oven,oven,"['oven', 'art classroom', 'butt', 'classroom', 'briefcase']",True
balancing cactus,television room,small room,"['small room', 'television room', 'pocket', 'small room', 'locker']",False
ball,sack,sack,"['sack', 'ambulance', 'motorbike', 'truck', 'bathtub']",True
balustrade,grand ballroom,grand ballroom,"['grand ballroom', 'camp', 'classroom', 'storage room', 'motel room']",True
banana,closet,plate,"['small room', 'castle', 'bathroom drawer', 'closet', 'plate']",False
bar,oven,stand,"['backyard', 'stand', 'side of the room', 'oven', 'bookshelf']",False
baseball,lobby,court,"['glass', 'livingroom', 'lobby', 'court', 'band room']",False
baseballbat,bedroom,den,"['container', 'hive', 'bedroom', 'sink', 'den']",False
basil,garden,garden,"['jar', 'bunk', 'quiver', 'garden', 'bicycle']",True
basketball,bedroom,bedroom,"['jacket', 'cabinet', 'mailbox', 'bedroom', 'card room']",True
bat,attic,attic,"['range', 'attic', 'butt', 'different room', 'carton']",True
bath sheet,bedroom,bedroom,"['shelf', 'vault', 'bedroom', 'broom closet', 'tea room']",True
bathtub,bathroom,bathroom,"['fridge', 'shoe', 'separate room', 'bathroom', 'dresser']",True
bathtubbasin,bathroom,bathroom,"['barrel', 'tin', 'bathroom', 'nest', 'package']",True
batter,box,can,"['freezer', 'livingroom', 'can', 'box', 'place']",False
battery,childs room,none,"['floor', 'bus', 'backyard', 'plate', 'childs room']",False
beacon,range,utility room,"['tin', 'loft', 'utility room', 'cruet', 'range']",False
beanbag,child's bedroom,child's bedroom,"['chest', 'hatbox', 'briefcase', 'barrel', ""child's bedroom""]",True
beard color gel,utility room,utility room,"['deck', 'tin', 'utility room', ' middle of the room', 'study']",True
beauty pack,utility room,house,"['utility room', 'palace', 'house', 'backyard', 'study']",False
bed,bedroom,bedroom,"['pod', 'dishwasher', 'bedroom', 'packet', 'bedroom drawer']",True
bedroom,dwelling,dwelling,"['range', 'class room', 'dwelling', 'sack', 'refrigerator']",True
beer,can,can,"['engine', 'sofa', 'engine', 'can', 'most rooms']",True
beet,can,container,"['can', 'loungeroom', 'toaster', 'container', 'foyer']",False
belt,closet,closet,"['closet', 'jacket', 'childs room', 'most rooms', 'hall']",True
beverage,bottle,dining room,"[""prostitute's bedroom"", 'bottle', 'dining room', 'case', 'parlor']",False
binoculars,suitcase,shelf,"['quiver', 'belfry', 'suitcase', 'shelf', 'kitchen or bathroom']",False
biscuit,oven,oven,"['stove', 'dumpster', ""children's room"", 'oven', 'mansion']",True
blanket,closet,closet,"['hive', 'wallet', 'dimly lit room', 'closet', 'toolbox']",True
bleach cleanser,bathroom,bathroom,"['jar', 'bathroom', ""children's room"", 'attic', 'motel room']",True
blender,kitchen,kitchen,"['living rooms', 'package', 'kitchen', 'wardrobe', 'hotel room']",True
blender jar,garage,pantry,"['pitcher', 'bar', 'sack', 'garage', 'pantry']",False
blind,bedroom,bedroom,"['palace', 'briefcase', 'beehive', 'bed', 'bedroom']",True
blouse,suitcase,suitcase,"['locker', 'bowl', 'butt', 'tea room', 'suitcase']",True
board game,childs room,different room,"['childs room', 'bed', 'furniture', 'different room', 'most rooms']",False
boat,bay,bay,"[""men's restroom"", 'quiver', 'bay', 'pantry', 'every bedroom']",True
boater,boat,boat,"['boat', ""person's living room"", 'stand', 'dining room', 'place']",True
bolt,jar,bundle,"['den', 'garbage', 'jar', 'bundle', 'package']",False
book,living room,living room,"['bike', 'living room', 'garden', 'locker', 'aquarium']",True
bookcase,den,bookshelf,"['hospital drug storeroom', 'nest', 'den', 'pot', 'bookshelf']",False
bookend,utility room,every bedroom,"['bathroom drawer', 'glass', 'larder', 'utility room', 'every bedroom']",False
bookshelf,bedroom,bedroom,"['toaster', 'bedroom', 'teapot', 'hamper', 'boot']",True
boot,living room,floor,"['belfry', 'living room', 'floor', 'one room flat', 'tin']",False
booze,bar,bar,"['small room', 'mailbox', 'hive', 'bar', 'hall']",True
bottle,kitchen,kitchen,"['floor', 'briefcase', 'kitchen', 'waiting room', 'dumpster']",True
bourbon,barrel,barrel,"['card room', 'barrel', 'tin', 'bathtub', 'sofa']",True
bowl,kitchen,kitchen,"['locker', 'grand ballroom', 'packet', 'kitchen', 'backyard']",True
box,bedroom,drawer,"['bottle', 'bath', 'drawer', 'anor room', 'bedroom']",False
bra,drawer,drawer,"['cat', 'pot', 'guest room', 'bath', 'drawer']",True
brain,head,head,"['bowl', 'keg', 'beehive', 'head', 'every bedroom']",True
brandy,bar,bar,"['grand ballroom', 'waiting room', 'tank', 'microwave', 'bar']",True
bread,kitchen,kitchen,"['machine', 'kitchen', 'corridor', 'dining room', 'closet']",True
breakfast,table,table,"['table', 'garbage', 'parlor', 'childs room', 'machine']",True
broccoli,oven,oven,"['oven', 'tin', 'truck', 'packet', 'most rooms']",True
broiler,oven,oven,"['cellar', 'broom closet', 'oven', 'pot', 'motorbike']",True
broom,cabinet,cabinet,"['butt', 'schoolroom', 'cabinet', 'one of the classrooms', 'den']",True
bug,garden,garden,"['card room', 'cup', 'garden', 'childs room', 'broom closet']",True
bulb,lamp,lamp,"['cabin', 'sink', 'lamp', 'lounge', 'different room']",True
bullet,barrel,storage room,"['storage room', 'hotel room', 'briefcase', 'barrel', 'bike']",False
bumper,car,car,"['car', 'attic', 'ir rooms', 'loft', 'home office']",True
bun,breadbox,breadbox,"['breadbox', 'well', 'tank', ""child's bedroom"", 'beehive']",True
bundt pan,living room,vault,"['living room', 'art classroom', 'bicycle', 'vault', 'wallet']",False
bureau,bedroom,bedroom,"['bedroom', 'camp', 'box', 'tea room', 'sofa']",True
burner,oven,kitchen,"['oven', 'chest', 'kitchen', 'laundry room', 'dumpster']",False
butter dish,garage,bunk,"['garage', 'cellar', ""cash's room"", 'bunk', 'trunk']",False
butterknife,kitchen,kitchen,"['suitcase', 'tank', 'shelf', 'can', 'kitchen']",True
cabbage,plate,plate,"['plate', 'card room', 'pocket', 'bathroom drawer', 'boot']",True
cabinet,bathroom,bathroom,"['bathroom', 'grand ballroom', ""child's room"", 'backyard', 'bay']",True
cake mix,lobby,pantry,"['microwave', 'chest', 'pantry', 'laundry room', 'lobby']",False
cake pan,childs room,person's living room,"['childs room', 'pot', 'truck', 'hamper', ""person's living room""]",False
calender,desk,desk,"['cruet', 'sofa', 'master bedroom', 'desk', 'broom closet']",True
camera,dining room,art classroom,"['press', 'tank', 'dining room', 'sedan', 'art classroom']",False
camper,bunk,bay,"['one of the classrooms', 'bay', 'bunk', 'packet', 'pod']",False
can opener,living room,cabin,"['living room', 'motel room', 'library', 'cabin', 'ambulance']",False
candelabra,table,table,"['basement', 'table', 'bar', 'anor room', 'stove']",True
candle,living room,living room,"['box', 'belfry', 'washer', 'stove', 'living room']",True
candle holder,corridor,tank,"['tank', 'corridor', 'mansion', 'castle', 'bathroom or kitchen']",False
candlestick,table,table,"['table', 'art classroom', 'dresser', 'lamp', 'basement']",True
candy,lobby,packet,"['packet', 'dwelling', 'boot', 'lobby', 'chamber']",False
candy bar,garage,classroom,"['glass', 'shell', 'garage', 'belfry', 'classroom']",False
canister,utility room,utility room,"['nest', 'utility room', 'toolbox', ""child's bedroom"", 'deck']",True
canteen,backpack,backpack,"['bike', 'backpack', 'schoolroom', 'court', 'carton']",True
canvas,art classroom,art classroom,"['keg', 'bike', 'home', 'art classroom', 'keg']",True
cap,suitcase,suitcase,"['suitcase', 'grand ballroom', 'orchestra', 'glass', 'apartment']",True
carburettor,car,car,"['sedan', 'furniture', 'wardrobe', 'cubicle', 'car']",True
card,box,purse,"['box', 'study', 'closet', 'purse', 'cabin']",False
card game,playroom,playroom,"['ambulance', ""teenager's bedroom"", ""child's room"", 'side of the room', 'playroom']",True
carpeting,house,house,"['larder', 'engine', 'closet', 'house', 'container']",True
carrot,fridge,fridge,"['fridge', 'butt', 'hall', 'sink', 'cradle']",True
carrying case,kitchen,wardrobe,"['kitchen', 'belfry', 'dormroom', 'handbag', 'wardrobe']",False
case,trunk,trunk,"['trunk', 'bathroom and kitchen', 'separate room', 'dishwasher', 'bright room']",True
casserole dish,television room,case,"['case', 'one of the classrooms', 'floor', 'television room', 'nest']",False
cauliflower,oven,oven,"['small room', 'wallet', 'living rooms', 'oven', 'boot']",True
cd,bedroom,bedroom,"['place', 'corridor', 'bedroom', 'shaker', 'deck']",True
celery,refrigerator,refrigerator,"['refrigerator', 'engine', 'lobby', 'numerous modern washrooms', 'pan']",True
cellar,basement,basement,"['basement', 'drawer', 'dresser', ""person's living room"", 'room of the house']",True
cellphone,living room,living room,"['machine', 'bank', 'guest room', 'basket', 'living room']",True
centerpiece,table,table,"['schoolroom', 'trunk', 'suitcase', 'briefcase', 'table']",True
cereal,living room,pan,"['desk', 'living room', 'livingroom', 'laundry room', 'pan']",False
chain,dining room,art classroom,"['sedan', 'chest', 'art classroom', 'dining room', 'livin room']",False
chair,living room,living room,"['dimly lit room', 'storage room', ""men's restroom"", 'castle', 'living room']",True
chalk,classroom,classroom,"['bathroom cabinet', 'plate', 'classroom', 'carton', 'tank']",True
chalkboard,classroom,classroom,"['garage', 'classroom', 'family room', 'bathroom drawer', 'larder']",True
check,bank,bank,"['lounge', 'bank', ""prostitute's bedroom"", 'bay', 'freezer']",True
cheese,fridge,fridge,"['living room', 'music room', 'press', 'freezer', 'fridge']",True
chesterfield,living room,living room,"['television room', 'plate', 'living room', 'stove', 'belfry']",True
chicken,freezer,freezer,"['freezer', 'tea room', 'family room', ""child's room"", 'camp']",True
chickpea,oven,basket,"['oven', 'hatbox', 'stand', 'every bedroom', 'basket']",False
china,cabinet,cabinet,"['table', 'cabinet', 'bay', 'freezer', 'bath']",True
chip,pot,card room,"['pot', 'hamper', 'deck', 'bed', 'card room']",False
chocolate,childs room,container,"['childs room', 'safe', 'hospital drug storeroom', 'container', 'art classroom']",False
chocolate box,exercise room,dresser,"['dresser', 'automobile', 'bookshelf', 'exercise room', 'apartment']",False
chocolate milk pods,kitchen,kitchen,"['bathroom or kitchen', 'kitchen', 'dungeon', 'music room', ""men's restroom""]",True
chocolate powder,playroom,refrigerator,"['chest', 'garbage', 'nest', 'refrigerator', 'playroom']",False
chopping board,television room,counter,"['toolbox', 'television room', 'hall', 'truck', 'counter']",False
cinnamon,kitchen,kitchen,"['purse', 'kitchen', 'art classroom', 'dresser', 'bathroom drawer']",True
clamp,lobby,apartment,"['waiting room', 'freezer', 'camp', 'apartment', 'lobby']",False
clay,storage room,storage room,"['attic', 'toolbox', 'bank', 'storage room', 'ballroom']",True
clipboard,desk,desk,"['cabinet', 'art classroom', 'desk', 'jar', 'wardrobe']",True
clock,television room,television room,"['television room', 'head', 'shaker', 'oven', 'bar']",True
closet,apartment,apartment,"['garbage', 'apartment', 'oven', 'bright room', 'boat']",True
cloth,bathroom,bathroom,"['schoolroom', 'music room', 'bathroom', 'well', 'one room flat']",True
clothing,house,child's bedroom,"[""child's bedroom"", 'broom closet', 'jar', 'house', 'hatbox']",False
coaster,table,table,"['bathroom', 'table', ""child's bedroom"", 'bathroom cabinet', 'every bedroom']",True
coat,closet,closet,"['motel room', 'closet', 'jacket', 'stand', 'room of the house']",True
coating,range,garbage,"['furniture', 'range', 'dumpster', 'bath', 'garbage']",False
cockpit,head,different room,"['head', 'butt', 'different room', 'camp', 'camp']",False
coffee,pot,pot,"['side of the room', 'cat', 'broom closet', 'pot', 'bike']",True
coffee beans,exercise room,bar,"['bar', 'ballroom', 'exercise room', 'beehive', 'one of the classrooms']",False
coffee pods,closet,shelf,"['camp', 'shelf', 'guest room', 'closet', 'toaster']",False
coffeemachine,kitchen,kitchen,"['most rooms', 'pantry', 'basket', 'kitchen', 'box']",True
coffeemaker,exercise room,pod,"['delivery room', 'pod', ""prostitute's bedroom"", 'sofa', 'exercise room']",False
coffeetable,living room,living room,"['truck', 'plate', 'living room', 'range', 'mansion']",True
coil,machine,utility room,"['utility room', 'machine', 'boot', 'washer', 'spoon']",False
coke,can,fridge,"['fridge', 'can', 'pot', 'shell', 'bag']",False
cola,fridge,fridge,"['sink', 'loft', 'home', ""men's restroom"", 'fridge']",True
collage,one of the classrooms,one of the classrooms,"['cruet', 'one of the classrooms', 'every bedroom', 'basket', 'bank']",True
colored wood blocks,bedroom,bedroom,"['bedroom', 'lamp', 'living rooms', 'bookshelf', 'boot']",True
column,table,home,"['head', 'numerous modern washrooms', 'home', 'table', 'chamber']",False
comb,hive,carton,"['cellar', 'kitchen', 'carton', 'larder', 'hive']",False
comfort,bed,bed,"['palace', 'quiver', 'bed', 'class room', 'range']",True
compass,cabinet,box,"['class room', 'orchestra', 'box', 'cabinet', 'bar']",False
compote,jar,hamper,"['case', 'jar', 'car', 'hamper', 'palace']",False
computer,table,table,"['master bedroom', 'butt', 'table', 'dumpster', 'bathroom and kitchen']",True
condiment,closet,larder,"['boot', 'attic', 'closet', 'jar', 'larder']",False
condom,bathroom,bathroom,"['dining room', 'table', 'beehive', 'bathroom', 'basket']",True
conserve,jar,jar,"['breadbox', 'jar', 'study', 'plate', 'class room']",True
container,car,house,"['house', 'car', 'trunk', 'engine', 'art classroom']",False
contraceptive,drawer,drawer,"['different room', 'bag', 'den', 'separate room', 'drawer']",True
cookbook,shelf,shelf,"['motorbike', 'garage', 'shelf', 'packet', 'bottle']",True
cookie,oven,storage room,"['storage room', 'washer', 'bookshelf', 'oven', 'jacket']",False
cooky,container,container,"['backpack', 'side of the room', 'container', 'barrel', 'class room']",True
cooler,kitchen,kitchen,"['grand ballroom', ""cash's room"", 'kitchen', 'wallet', 'different room']",True
copyholder,desk,desk,"['childs room', 'desk', 'loft', 'wardrobe', ""teenager's bedroom""]",True
cord,backpack,backpack,"['backpack', 'guest room', 'bathroom', 'one of the classrooms', 'package']",True
coronet,cabinet,cabinet,"['small room', 'bay', 'cabinet', 'tin', 'place']",True
cosmetic,drawer,drawer,"['quiver', 'home', 'home', 'drawer', 'boat']",True
couch,house,house,"['basket', 'truck', 'house', 'most rooms', 'shoe']",True
countertop,bathroom,bathroom,"['bathroom', 'wardrobe', 'packet', 'loft', 'playroom']",True
cracker,breadbox,breadbox,"['bright room', 'well', 'hive', 'most rooms', 'breadbox']",True
cracker box,closet,closet,"['music room', 'motorbike', 'closet', 'pitcher', 'bag']",True
crate,kitchen,chamber,"['chamber', 'kitchen', 'living rooms', 'playroom', 'tin']",False
crayon,utility room,none,"['orchestra', 'briefcase', 'kitchen or bathroom', 'larder', 'utility room']",False
creditcard,living room,briefcase,"['attic', 'briefcase', 'living room', 'sedan', 'quiver']",False
crisp,table,packet,"['table', 'cabinet', 'packet', 'parlor', 'bath']",False
crowbar,cabinet,cabinet,"['package', 'room', 'cabinet', 'class room', 'house']",True
cube storage box,lobby,lobby,"['lobby', 'freezer', 'kitchen or bathroom', 'dungeon', ' middle of the room']",True
cubicle,bank,room of the house,"['bank', 'livin room', 'bathtub', 'board', 'room of the house']",False
cup,kitchen,kitchen,"['family room', 'jacket', 'breadbox', 'kitchen', 'oven']",True
cupcake,oven,room,"['dresser', 'oven', 'guest room', 'room', 'card room']",False
curtain,living room,living room,"['laundry room', 'bowl', 'living room', 'jacket', 'range']",True
cushion,closet,every room,"['closet', 'briefcase', 'every room', 'study', 'freezer']",False
custard,refrigerator,refrigerator,"['refrigerator', 'bus', 'house', ""child's bedroom"", 'head']",True
cutlery,table,table,"['broom closet', 'card room', 'table', 'hospital drug storeroom', 'locker']",True
damper,attic,attic,"['head', ' middle of the room', 'microwave', 'dimly lit room', 'attic']",True
dashboard,car,car,"['storage room', 'larder', 'press', 'automobile', 'car']",True
decanter,bar,bar,"['lobby', 'court', 'bar', 'hall', 'hospital drug storeroom']",True
deck,backyard,cabinet,"['trap', 'suitcase', 'cabinet', 'backyard', 'one of the classrooms']",False
design,plate,storage room,"['machine', 'hall', 'storage room', 'plate', 'castle']",False
desk,bedroom,bedroom,"['desk', 'cabin', 'bedroom', 'hive', 'tin']",True
desk caddy,storage room,bright room,"['sack', 'master bedroom', 'microwave', 'bright room', 'storage room']",False
desklamp,living room,teenager's bedroom,"['parlor', ""teenager's bedroom"", 'one room flat', 'hospital drug storeroom', 'living room']",False
desktop,bedroom,bedroom,"['floor', 'cruet', 'hospital drug storeroom', 'bedroom', 'court']",True
dessert,refrigerator,refrigerator,"['bag', 'cubicle', 'hall', 'teapot', 'refrigerator']",True
diaper pack,exercise room,home,"['lamp', 'home', 'pantry', 'exercise room', 'library']",False
diary,desk,desk,"['kitchen or bathroom', 'foyer', 'floor', 'desk', ' middle of the room']",True
dictionary,table,table,"['table', 'larder', 'room of the house', 'quiver', 'cruet']",True
dietary supplement,living room,packet,"['living room', 'furniture', 'packet', 'bunk', 'board']",False
dime,purse,purse,"['vault', 'bathroom', 'pocket', 'box', 'purse']",True
diningtable,kitchen,kitchen,"['wallet', 'kitchen', 'master bedroom', 'packet', 'laundry room']",True
dinner,table,table,"['table', 'sack', 'room', 'television room', 'wallet']",True
dish,apartment,home,"['keg', 'pot', 'trap', 'home', 'apartment']",False
dish drainer,television room,television room,"['pan', 'case', 'television room', 'bunk', 'purse']",True
dishsponge,bathroom,bathroom,"['oven', 'court', 'jar', 'bathroom', 'study']",True
dishtowel,television room,sack,"['fridge', ""men's restroom"", 'sack', 'television room', 'family room']",False
dishwasher,kitchen,kitchen,"['kitchen', 'jar', 'dresser', 'pan', 'breadbox']",True
dispensing closure,bedroom,bathroom cabinet,"['bathroom cabinet', 'library', 'guest room', 'lamp', 'bedroom']",False
document,suitcase,case,"['backyard', 'art classroom', 'suitcase', 'every bedroom', 'case']",False
dog bowl,home office,den,"['den', 'home office', 'table', 'beehive', 'microwave']",False
dog chew toy,kitchen,locker,"['locker', 'kitchen', 'suitcase', 'fridge', 'pot']",False
dogbed,bedroom,bedroom,"['numerous modern washrooms', 'bedroom', 'card room', 'anor room', 'delivery room']",True
dollhouse toy,home office,home office,"['backpack', 'home office', 'toolbox', 'bath', 'truck']",True
donut,home office,jar,"['home office', 'hive', 'room of the house', 'backpack', 'jar']",False
door,room,room,"['room', 'bank', 'head', 'shoe', 'quiver']",True
doughnut,fridge,fridge,"['bathroom or kitchen', 'boat', 'machine', 'fridge', 'larder']",True
drawer,kitchen,kitchen,"['bathroom and kitchen', 'apartment', ""person's living room"", 'kitchen', 'bicycle']",True
dress,closet,closet,"['waiting room', 'bank', 'childs room', 'chamber', 'closet']",True
dresser,bedroom,bedroom,"['bundle', ""person's living room"", 'cellar', 'orchestra', 'bedroom']",True
dressing,refrigerator,refrigerator,"['safe', 'aquarium', 'laundry room', 'lounge', 'refrigerator']",True
drill,toolbox,toolbox,"['case', 'toolbox', 'truck', 'hatbox', 'small room']",True
drink,can,can,"['can', 'schoolroom', 'hive', 'garage', 'package']",True
drink coaster,garage,counter,"['garage', 'bookshelf', 'counter', ""teenager's bedroom"", 'shelf']",False
driveway,car,car,"['packet', 'bright room', 'closet', 'car', 'independent room']",True
drum,child's room,child's room,"['broom closet', ""child's room"", 'hospital drug storeroom', 'bathroom drawer', 'oven']",True
dryer,basement,basement,"['foyer', 'bath', 'dresser', 'bright room', 'basement']",True
duck,oven,lobby,"['lobby', 'sink', 'cruet', 'shoe', 'oven']",False
duct,attic,attic,"['bowl', 'case', 'backyard', 'attic', 'small room']",True
duct tape,childs room,ir rooms,"['suitcase', 'childs room', 'nest', ""prostitute's bedroom"", 'ir rooms']",False
dumbbell,bedroom,dormroom,"['den', 'garbage', 'bedroom', 'pan', 'dormroom']",False
dumbbell rack,television room,master bedroom,"['television room', 'tank', 'master bedroom', 'microwave', 'trunk']",False
dungeon,basement,mansion,"['can', 'basement', 'locker', 'motorbike', 'mansion']",False
dustbin,kitchen,kitchen,"['garage', 'bicycle', 'bar', 'dimly lit room', 'kitchen']",True
dustpan and brush,playroom,toolbox,"['toolbox', 'every bedroom', 'playroom', 'small room', 'tank']",False
dutch oven,pantry room,pantry room,"['bathroom drawer', 'side of the room', 'card room', 'pantry room', 'parlor']",True
duvet,living room,living room,"['garbage', 'stand', 'art classroom', 'living room', 'bowl']",True
easter basket,corridor,loungeroom,"['sedan', 'wardrobe', 'corridor', 'every bedroom', 'loungeroom']",False
edible,plate,kitchen,"['plate', 'dormroom', 'cup', 'kitchen', 'furniture']",False
egg,kitchen,kitchen,"['basket', 'orchestra', 'kitchen', 'pan', 'every bedroom']",True
eggplant,oven,oven,"['hive', 'chest', 'oven', 'cabin', 'bundle']",True
electric heater,home office,basement,"['machine', 'home office', 'suitcase', 'handbag', 'basement']",False
electric toothbrush,lobby,range,"['basement', 'lobby', 'range', 'class room', 'sack']",False
electronic adapter,playroom,backpack,"['playroom', 'packet', 'backpack', 'different room', ' middle of the room']",False
electronic cable,kitchen,classroom,"['mailbox', 'kitchen', 'classroom', 'tin', 'tin']",False
elevator,apartment,room of the house,"['apartment', 'music room', 'room of the house', 'furniture', 'loft']",False
emperor,hall,hatbox,"['bathroom', 'hatbox', 'basement', 'closet', 'hall']",False
encyclopedia,library,library,"['truck', 'cruet', 'wallet', 'library', 'bottle']",True
engraving,plate,plate,"['plate', 'pocket', 'one of the classrooms', 'deck', 'tank']",True
envelope,desk,desk,"['desk', 'wallet', 'tin', 'chest', ' middle of the room']",True
face moisturizer,kitchen,home,"['cat', 'kitchen', 'home', 'barrel', 'cradle']",False
faucet,bathroom,bathroom,"['bathroom', 'pocket', 'master bedroom', 'bike', ""men's restroom""]",True
fiberglass,boat,boat,"['home office', 'boat', 'laundry room', 'freezer', 'tin']",True
figurine,shelf,shelf,"['stove', 'shelf', 'nest', 'boat', 'garbage']",True
file sorter,childs room,counter,"[""child's room"", 'larder', 'counter', 'cabin', 'childs room']",False
film,cabinet,cabinet,"['bright room', 'dishwasher', 'bus', 'bathroom drawer', 'cabinet']",True
fingerpaint,bathroom,classroom,"['bathroom', 'guest room', 'shelf', 'cruet', 'classroom']",False
fire,basement,basement,"['vault', 'chest', 'basement', 'bike', 'family room']",True
firearm,cabinet,cabinet,"['closet', 'engine', 'parlor', 'cabinet', 'bookshelf']",True
fireplace,room,livingroom,"['room', 'livingroom', 'classroom', 'bank', 'keg']",False
fish,boat,boat,"['sack', 'jacket', 'boat', 'shelf', 'hall']",True
fitness tracker wristband,dining room,separate room,"['motel room', 'dining room', 'separate room', 'court', 'schoolroom']",False
flag,classroom,classroom,"['classroom', 'dwelling', 'bathroom and kitchen', 'bathroom or kitchen', 'cellar']",True
flashlight,utility room,utility room,"['boot', 'utility room', 'classroom', 'stove', 'stove']",True
flat screwdriver,utility room,utility room,"['car', 'sink', 'camp', 'beehive', 'utility room']",True
floor,kitchen,wardrobe,"['kitchen', 'stove', 'bathroom drawer', 'wardrobe', 'bathroom drawer']",False
floorlamp,living room,living room,"['living room', 'desk', 'anor room', 'guest room', 'mansion']",True
flour,pantry,pantry,"['library', 'living rooms', 'pantry', 'shaker', 'beehive']",True
foam brick,television room,person's living room,"['bowl', ""person's living room"", 'pot', 'television room', 'card room']",False
folder,garage,handbag,"['loft', 'handbag', 'engine', 'garage', 'purse']",False
fondant,bedroom,desk,"['bedroom', 'bicycle', 'pitcher', 'cradle', 'desk']",False
food,backpack,den,"['backpack', 'art classroom', 'den', 'stand', 'car']",False
foot,shoe,shoe,"['cabinet', 'master bedroom', 'pantry room', 'shoe', 'bank']",True
footstool,bathroom,room,"['bathroom', 'jar', 'icebox', 'room', 'pantry room']",False
foresail,boat,boat,"['dresser', 'anor room', 'dresser', 'boat', 'jacket']",True
fork,kitchen,kitchen,"['sack', 'kitchen', 'hive', 'pot', 'tea room']",True
form,cabinet,cabinet,"['cabinet', 'hotel room', 'cat', 'barrel', 'sink']",True
foundation,closet,closet,"['cellar', 'aquarium', ""children's room"", 'closet', 'pod']",True
foyer,apartment,apartment,"['shaker', 'apartment', 'teapot', ""men's restroom"", 'hive']",True
frame,bed,room,"['room', 'hall', 'jacket', 'bed', 'restroom']",False
freezer,kitchen,kitchen,"['kitchen', 'boat', 'restroom', 'stove', 'mailbox']",True
fridge,kitchen,kitchen,"['automobile', 'freezer', 'kitchen', 'way', 'motorbike']",True
frosting,jar,jar,"['jar', 'furniture', 'attic', 'den', 'storage room']",True
fruit,plate,plate,"['dishwasher', 'music room', 'plate', 'microwave', 'chamber']",True
fruit snack,playroom,cabinet,"['playroom', 'desk', 'cellar', 'cabinet', 'backpack']",False
fur,cat,cat,"['machine', 'loungeroom', 'cat', 'head', 'bathroom drawer']",True
furnace,basement,basement,"['lobby', 'jacket', 'broom closet', 'basement', 'lounge']",True
furniture,loft,one of the classrooms,"['loft', 'one of the classrooms', 'refrigerator', 'corridor', 'camp']",False
galley,boat,boat,"['toolbox', 'ambulance', 'bag', 'boat', 'independent room']",True
garage,house,house,"['bathroom and kitchen', 'childs room', 'exercise room', 'anor room', 'house']",True
garbage,dumpster,dumpster,"['dormroom', 'freezer', 'living rooms', 'dumpster', 'bag']",True
garbagebag,kitchen,every room,"['pan', 'kitchen', 'every room', 'vault', 'cubicle']",False
garbagecan,bedroom,house,"['handbag', 'house', 'bedroom', 'freezer', 'library']",False
garlic,kitchen,fridge,"['fridge', 'kitchen', 'parlor', 'different room', 'safe']",False
garment,suitcase,suitcase,"['purse', 'attic', 'basement', 'suitcase', 'bathroom']",True
garter,drawer,drawer,"['nest', 'lounge', 'board', 'room of the house', 'drawer']",True
gas,boat,floor,"['cabinet', 'boat', 'aquarium', 'small room', 'floor']",False
gate,garden,garden,"['bathroom cabinet', 'well', 'room of the house', 'cup', 'garden']",True
gauze,cabinet,cabinet,"['cubicle', 'cabinet', 'camp', 'pot', 'jar']",True
gear,car,car,"['car', 'bike', 'chest', 'hamper', 'wallet']",True
gel,refrigerator,refrigerator,"['house', 'ir rooms', 'garbage', 'drawer', 'refrigerator']",True
gelatin box,home office,home office,"[""child's room"", 'sack', 'camp', 'floor', 'home office']",True
gin,bar,bar,"['basement', 'bedroom', 'bar', 'cat', 'jar']",True
glove,bathroom,case,"['hotel room', 'cellar', 'tea room', 'bathroom', 'case']",False
golf ball,kitchen,range,"['dwelling', 'kitchen', 'shell', 'range', 'automobile']",False
goose,oven,house,"['one of the classrooms', 'house', 'oven', 'purse', 'bag']",False
graphics card,home office,home office,"['home office', 'floor', 'bookshelf', 'one room flat', 'tin']",True
guard,kitchen,bathroom drawer,"['orchestra', 'den', 'bathroom drawer', 'dormroom', 'kitchen']",False
guinness,bar,bar,"['toaster', 'bar', 'dormroom', 'furniture', 'hamper']",True
gun,trunk,chest,"['dining room', 'microwave', 'chest', 'fridge', 'trunk']",False
hair color,storage room,storage room,"['den', 'storage room', 'cat', 'class room', 'loungeroom']",True
hair conditioner,utility room,utility room,"['delivery room', 'ir rooms', 'bus', 'utility room', 'palace']",True
hair dryer,bathroom,bathroom,"['lounge', 'toaster', 'dresser', 'bathroom', 'glass']",True
hair straightener,storage room,dwelling,"['storage room', 'castle', 'pitcher', 'tin', 'dwelling']",False
ham,refrigerator,refrigerator,"['kitchen or bathroom', 'refrigerator', 'drawer', 'bundle', 'board']",True
hammer,playroom,sack,"['sack', 'delivery room', 'guest room', 'playroom', 'refrigerator']",False
hand,pocket,children's room,"[""cash's room"", 'pocket', 'backyard', 'trap', ""children's room""]",False
hand bell,garage,family room,"['cabin', 'garage', 'study', 'boat', 'family room']",False
handbag,television room,sedan,"['motorbike', 'sedan', 'backpack', 'television room', 'cubicle']",False
handset,cradle,cradle,"['cradle', 'bathroom drawer', 'independent room', 'vault', 'every room']",True
handtowel,bathroom,bathroom,"['bathroom', 'orchestra', 'pantry room', 'library', 'side of the room']",True
handtowelholder,bathroom,bathroom,"['pod', 'bathroom', 'court', 'hotel room', 'grand ballroom']",True
harbor,boat,boat,"['dresser', 'container', 'boat', 'laundry room', 'dishwasher']",True
hard drive,utility room,room of the house,"['jacket', 'room of the house', 'utility room', 'bright room', 'backyard']",False
hard drive case,home office,home office,"['cup', 'butt', 'press', 'different room', 'home office']",True
hardware,house,drawer,"['every room', 'waiting room', 'house', 'hamper', 'drawer']",False
hat,closet,closet,"['closet', 'toaster', 'cellar', 'sedan', 'car']",True
headlight,car,car,"['mansion', 'side of the room', 'car', 'cruet', 'dining room']",True
headphone,television room,desk,"['desk', 'fridge', 'aquarium', 'dresser', 'television room']",False
heater,house,house,"['house', 'quiver', 'board', 'board', 'room of the house']",True
heavy duty gloves,lobby,box,"['bottle', 'oven', 'box', 'lobby', 'attic']",False
heavy master chef can,corridor,carton,"['carton', 'livingroom', 'corridor', 'hotel room', 'motorbike']",False
hedge,backyard,backyard,"['backyard', 'bathroom or kitchen', 'case', 'family room', 'furniture']",True
helmet,playroom,playroom,"['well', 'tank', 'playroom', 'bar', 'shaker']",True
herring,jar,jar,"['jar', 'lounge', 'chest', 'hive', 'class room']",True
herring fillets,playroom,none,"['box', 'kitchen or bathroom', 'broom closet', 'home', 'playroom']",False
holdall,closet,closet,"['cellar', 'closet', 'cellar', 'toolbox', 'hotel room']",True
honey,beehive,cruet,"['storage room', 'storage room', 'cruet', 'beehive', 'bag']",False
honey dipper,kitchen,kitchen,"['dwelling', 'fridge', 'backpack', 'container', 'kitchen']",True
horn,truck,engine,"['truck', 'engine', 'wallet', 'dormroom', ""cash's room""]",False
house,bedroom,home,"['family room', 'independent room', 'home', 'orchestra', 'bedroom']",False
houseplant,living room,living room,"['sink', 'freezer', ""child's bedroom"", 'living room', 'purse']",True
icecream,freezer,refrigerator,"['delivery room', 'bathroom', 'freezer', 'court', 'refrigerator']",False
incontinence pads,garage,package,"['hive', 'table', 'package', 'garage', 'plate']",False
ingredient,kitchen,kitchen,"['art classroom', 'television room', 'numerous modern washrooms', 'kitchen', 'every room']",True
ink cartridge,home office,home office,"['hospital drug storeroom', 'home office', 'waiting room', 'garbage', 'bathroom drawer']",True
instant camera,closet,bright room,"['schoolroom', 'bright room', 'lamp', 'nest', 'closet']",False
invitation card,utility room,press,"['utility room', 'press', 'quiver', 'teapot', 'sofa']",False
ipod,apartment,apartment,"['fridge', 'delivery room', 'apartment', 'broom closet', 'bathroom drawer']",True
jack,box,box,"['box', 'loft', 'breadbox', 'tank', 'pantry']",True
jacket,suitcase,storage room,"['suitcase', 'pantry', 'storage room', 'storage room', 'icebox']",False
jam,jar,kitchen,"['childs room', 'guest room', 'kitchen', 'jar', 'garbage']",False
jar,childs room,bookshelf,"['washer', ' middle of the room', 'childs room', 'cat', 'bookshelf']",False
jean,closet,closet,"['carton', 'livin room', 'toaster', 'bathtub', 'closet']",True
jenga,corridor,bright room,"['bath', 'dresser', 'bright room', 'handbag', 'corridor']",False
jewelry,box,box,"['box', 'pantry', 'bike', 'bicycle', 'breadbox']",True
jewelry box,childs room,bike,"['childs room', 'bike', 'refrigerator', 'dumpster', 'loungeroom']",False
john,prostitute's bedroom,music room,"['attic', 'music room', 'one of the classrooms', ""prostitute's bedroom"", 'safe']",False
joist,basement,basement,"['spoon', ' middle of the room', 'wallet', 'stand', 'basement']",True
journal,library,library,"['music room', 'library', 'aquarium', 'toolbox', 'cat']",True
juice,refrigerator,refrigerator,"['hive', 'bathtub', 'refrigerator', 'court', 'bowl']",True
jukebox,bar,bar,"['bar', 'handbag', ""prostitute's bedroom"", 'hamper', 'lamp']",True
junk,cellar,cellar,"['shell', 'one of the classrooms', 'bank', 'cellar', 'separate room']",True
kettle,kitchen,kitchen,"['kitchen', 'bag', 'backyard', 'card room', 'basement']",True
keyboard,exercise room,teenager's bedroom,"[""teenager's bedroom"", 'waiting room', 'one room flat', 'exercise room', 'ambulance']",False
keychain,living room,cabinet,"['toaster', 'living room', 'cabinet', 'pitcher', 'utility room']",False
kitchen,home,home,"['childs room', 'quiver', 'home', 'keg', 'suitcase']",True
kitchenette,hotel room,hotel room,"['band room', 'bathroom cabinet', 'bus', 'hotel room', 'pitcher']",True
knife,kitchen,kitchen,"['chamber', 'package', 'shaker', ' middle of the room', 'kitchen']",True
knife block,television room,room of the house,"['icebox', 'room of the house', 'press', 'garbage', 'television room']",False
labeling tape,home office,home office,"['attic', 'delivery room', 'castle', 'home office', 'camp']",True
ladle,kitchen,kitchen,"['home', 'machine', 'breadbox', ""child's room"", 'kitchen']",True
lamb,oven,bed,"['drawer', 'bus', 'bed', 'bathtub', 'oven']",False
lame,loft,loft,"['aquarium', 'loft', 'shelf', 'backyard', 'bay']",True
lamp,bedroom,bedroom,"['wallet', 'bedroom', ""children's room"", 'refrigerator', 'sink']",True
lantern,home office,art classroom,"['home office', 'art classroom', ""cash's room"", 'side of the room', 'card room']",False
laptop,bedroom,loungeroom,"['bedroom', 'bathroom and kitchen', 'loungeroom', 'microwave', 'one room flat']",False
laptop cover,home office,home office,"['dishwasher', 'home office', 'bay', 'pot', 'foyer']",True
laptop stand,lobby,cabin,"['cabin', 'breadbox', 'lobby', 'toaster', 'trunk']",False
large marker,bedroom,case,"['locker', 'belfry', 'barrel', 'bedroom', 'case']",False
lasagna,plate,plate,"['dresser', 'pitcher', 'motel room', 'home office', 'plate']",True
laundry,cellar,apartment,"['apartment', 'cellar', 'family room', 'every room', 'bank']",False
laundry box,garage,garage,"['garage', 'dumpster', 'backpack', 'microwave', 'sink']",True
laundryhamper,bedroom,bedroom,"['storage room', 'bedroom', 'boat', 'handbag', 'anor room']",True
laxative,television room,hamper,"['can', 'hamper', 'bus', 'art classroom', 'television room']",False
lego duplo,lobby,art classroom,"['shell', 'art classroom', 'cat', 'lobby', 'microwave']",False
lemon,corridor,table,"['corridor', 'bus', 'table', 'sedan', 'head']",False
letter holder,exercise room,exercise room,"['exercise room', 'microwave', 'lamp', 'wallet', 'automobile']",True
lettuce,kitchen,kitchen,"['handbag', 'shoe', 'kitchen', 'shell', 'way']",True
library,room,room,"['lounge', 'cat', ""teenager's bedroom"", 'room', 'laundry room']",True
lid,drawer,drawer,"['bundle', 'carton', 'band room', 'drawer', 'foyer']",True
lifeboat,boat,boat,"['nest', 'lounge', 'sack', 'tin', 'boat']",True
light,attic,apartment,"['spoon', 'dresser', 'machine', 'apartment', 'attic']",False
light bulb,garage,one of the classrooms,"['bunk', 'garage', 'one of the classrooms', 'belfry', 'pitcher']",False
lightswitch,bathroom,corridor,"['class room', 'spoon', 'corridor', 'bathroom', 'dwelling']",False
lime squeezer,television room,television room,"['purse', 'safe', 'television room', 'trunk', 'numerous modern washrooms']",True
linoleum,house,house,"['carton', 'exercise room', 'safe', 'house', 'toolbox']",True
lip,can,drawer,"['teapot', 'drawer', 'fridge', 'can', 'delivery room']",False
lipstick,bathroom,bathroom,"['bike', 'living rooms', 'aquarium', 'beehive', 'bathroom']",True
liquor,bar,bar,"[""child's bedroom"", 'bathroom', 'bunk', 'foyer', 'bar']",True
loaf,fridge,fridge,"['microwave', 'toolbox', 'fridge', 'small room', 'stove']",True
lobster,tank,tank,"['tank', 'table', 'loft', 'bath', 'floor']",True
loft,apartment,garage,"['apartment', 'drawer', 'bathroom and kitchen', 'lamp', 'garage']",False
lotion,cabinet,none,"['bathroom and kitchen', 'cabinet', 'ir rooms', ""teenager's bedroom"", 'utility room']",False
lunch,backpack,refrigerator,"['shell', 'refrigerator', 'sack', 'backpack', 'castle']",False
lunch bag,kitchen,kitchen,"[""child's bedroom"", 'bedroom drawer', 'kitchen', 'package', 'camp']",True
lunch box,closet,foyer,"['wallet', 'delivery room', 'closet', 'master bedroom', 'foyer']",False
magazine,table,table,"['orchestra', 'table', 'bike', 'playroom', 'shell']",True
magnet,fridge,fridge,"['dishwasher', 'hospital drug storeroom', 'deck', 'freezer', 'fridge']",True
magnifying glass,dining room,dining room,"['quiver', 'bowl', 'basket', 'camp', 'dining room']",True
mail,fridge,stand,"['fridge', 'dresser', 'shoe', 'stand', 'hamper']",False
mailbox,garden,parlor,"['bar', 'parlor', ""men's restroom"", 'aquarium', 'garden']",False
mainsail,boat,boat,"['every room', 'bike', 'hatbox', 'boat', 'ir rooms']",True
makeup,purse,purse,"['library', 'car', 'belfry', 'purse', 'garden']",True
marshmallow,oven,art classroom,"['hive', 'oven', 'delivery room', 'side of the room', 'art classroom']",False
mascara,dining room,chamber,"['house', 'dining room', 'chamber', ""cash's room"", 'refrigerator']",False
mast,boat,boat,"['bathroom drawer', 'vault', 'backyard', 'boat', 'box']",True
master chef can,bedroom,den,"['tea room', 'bedroom', 'bathroom cabinet', 'bath', 'den']",False
mat,house,child's bedroom,"['house', 'pot', 'stand', ""child's bedroom"", 'restroom']",False
match,backpack,backpack,"['bathtub', 'backpack', 'one of the classrooms', 'aquarium', 'shaker']",True
mattress,bed,bed,"['bicycle', 'bed', 'attic', 'garage', 'guest room']",True
mayo,jar,icebox,"['bedroom drawer', 'jar', 'icebox', 'basement', 'art classroom']",False
mayonnaise,jar,jar,"['different room', 'home office', 'jar', 'lounge', 'closet']",True
measuring tape,bedroom,bedroom,"['way', 'range', 'shaker', 'bedroom', 'ir rooms']",True
meatloaf,oven,oven,"['sink', 'oven', 'glass', 'packet', 'master bedroom']",True
medicine,garage,study,"['garage', 'backpack', 'cabin', ""child's bedroom"", 'study']",False
memory,pantry,attic,"['pantry', 'lobby', 'dresser', 'attic', 'stand']",False
meringue,oven,tea room,"['bar', 'oven', 'tea room', 'mansion', 'spoon']",False
mess,table,cabinet,"['table', 'cabinet', 'hatbox', 'waiting room', 'chest']",False
metronome,class room,class room,"['jar', 'dimly lit room', 'hotel room', 'small room', 'class room']",True
microwave,kitchen,kitchen,"['handbag', ""teenager's bedroom"", 'livingroom', 'furniture', 'kitchen']",True
milk,bottle,bottle,"['bottle', 'microwave', 'jar', 'basement', 'garage']",True
milk fror,dining room,freezer,"['vault', 'ballroom', 'range', 'freezer', 'dining room']",False
mini soccer ball,kitchen,teenager's bedroom,"['hospital drug storeroom', 'ir rooms', ""teenager's bedroom"", 'kitchen', 'classroom']",False
mint,refrigerator,refrigerator,"['refrigerator', 'cat', 'bar', 'bundle', 'belfry']",True
mirror,bedroom,bedroom,"['purse', 'home', 'stove', 'bedroom', 'bike']",True
mit,bed,locker,"['locker', 'pitcher', 'container', 'bed', 'bundle']",False
moistener,purse,purse,"['pot', 'purse', 'pod', 'packet', 'garage']",True
mold,breadbox,hospital drug storeroom,"['breadbox', 'freezer', 'small room', 'hospital drug storeroom', 'stove']",False
monitor,desk,desk,"['broom closet', 'separate room', 'sedan', 'desk', 'motel room']",True
moonshine,jar,jar,"['jar', 'loft', 'livingroom', 'freezer', 'safe']",True
mop,apartment,apartment,"['camp', 'grand ballroom', 'motorbike', 'apartment', 'master bedroom']",True
morboard,exercise room,band room,"['band room', 'basement', 'shelf', 'exercise room', 'stand']",False
mouse,kitchen,family room,"['stove', 'kitchen', 'breadbox', 'family room', 'boot']",False
mouse pad,playroom,motel room,"['playroom', 'motel room', 'shaker', 'dishwasher', 'suitcase']",False
mousepad,desk,desk,"['court', 'desk', 'ambulance', 'dormroom', 'machine']",True
movie dvd,pantry room,music room,"['room of the house', 'music room', 'dresser', 'toolbox', 'pantry room']",False
muffin,oven,package,"['package', 'bike', 'hive', ""children's room"", 'oven']",False
mug,kitchen,kitchen,"['basket', 'most rooms', 'kitchen', 'breadbox', 'purse']",True
mule,pitcher,separate room,"['pitcher', 'separate room', 'den', 'safe', ' middle of the room']",False
multiport hub,storage room,parlor,"['laundry room', 'backpack', 'parlor', 'basement', 'storage room']",False
museum,castle,independent room,"['castle', 'restroom', 'independent room', 'court', 'range']",False
mustard bottle,playroom,fridge,"['playroom', 'press', 'fridge', 'bicycle', 'library']",False
nail,cabinet,cellar,"['cellar', 'cabinet', 'most rooms', 'dimly lit room', 'livingroom']",False
napkin,table,table,"[""men's restroom"", ""child's room"", 'spoon', 'table', 'bedroom drawer']",True
neck rest,playroom,bath,"['teapot', 'bath', 'study', 'sack', 'playroom']",False
neckwear,closet,closet,"['closet', 'hive', 'garden', 'home', 'bright room']",True
net,boat,boat,"['bathroom cabinet', 'boat', ' middle of the room', 'bedroom drawer', 'way']",True
netting,backpack,backpack,"['sink', 'jar', 'kitchen or bathroom', 'bottle', 'backpack']",True
newspaper,living room,living room,"['living room', 'bay', 'attic', 'washer', 'restroom']",True
nine hole peg test,bathroom,machine,"['bag', 'bathroom', 'foyer', 'machine', 'chamber']",False
nintendo switch,garage,sofa,"['sofa', 'garage', 'boot', 'orchestra', 'trap']",False
notebook,package,room,"['shaker', 'room', 'package', 'bus', 'room']",False
oil,car,car,"['bathroom drawer', 'different room', 'car', 'loungeroom', 'suitcase']",True
ointment,jar,every bedroom,"['every bedroom', 'jar', 'backpack', 'room of the house', 'can']",False
olive,refrigerator,refrigerator,"['storage room', 'lounge', 'toaster', 'master bedroom', 'refrigerator']",True
orange,playroom,drawer,"['playroom', 'ir rooms', 'tank', 'drawer', 'tank']",False
organiser,desk,desk,"['plate', 'safe', 'castle', 'engine', 'desk']",True
ottoman,living room,living room,"['living room', 'art classroom', 'loft', 'keg', 'sink']",True
outfit,closet,closet,"['hive', 'art classroom', 'stand', 'closet', 'dwelling']",True
oven,stove,place,"['kitchen or bathroom', 'motorbike', 'place', 'trunk', 'stove']",False
pad,bathroom drawer,bathroom drawer,"['lounge', 'can', ""cash's room"", 'floor', 'bathroom drawer']",True
padlock,utility room,utility room,"['one of the classrooms', 'keg', 'trap', 'utility room', 'bundle']",True
paint,can,can,"['cradle', 'dimly lit room', 'can', 'press', 'bottle']",True
paint bottle set,exercise room,study,"['car', 'sack', 'study', 'separate room', 'exercise room']",False
paint maker,pantry room,broom closet,"['pantry room', 'pitcher', 'study', 'camp', 'broom closet']",False
painting,living room,living room,"['anor room', 'refrigerator', 'bag', 'bar', 'living room']",True
pajama,suitcase,closet,"['purse', 'carton', 'closet', 'suitcase', 'bath']",False
pan,kitchen,kitchen,"['butt', 'freezer', 'class room', 'foyer', 'kitchen']",True
pantry,kitchen,kitchen,"['mansion', 'bar', 'pitcher', 'kitchen', 'purse']",True
paper,suitcase,storage room,"['kitchen', 'suitcase', 'microwave', 'bathtub', 'storage room']",False
paper bag,exercise room,person's living room,"['tank', 'exercise room', 'aquarium', ""person's living room"", 'pocket']",False
paperclip,cabinet,cabinet,"['apartment', 'hall', 'ir rooms', 'cabinet', 'bedroom']",True
papertowelroll,kitchen,kitchen,"['one room flat', 'table', 'laundry room', 'kitchen', 'bag']",True
paperweight,desk,desk,"['desk', 'room', 'dishwasher', 'library', ""person's living room""]",True
parchment sheet,pantry room,handbag,"['sedan', 'handbag', 'barrel', 'pantry room', 'belfry']",False
parsley,plate,kitchen,"['kitchen', 'sedan', 'childs room', 'spoon', 'plate']",False
pasta,pantry,pantry,"['bedroom drawer', 'pantry', 'mansion', 'bank', 'basket']",True
paste,cabinet,cabinet,"['way', 'cabinet', 'teapot', 'anor room', 'room']",True
pastry,tin,table,"['chamber', 'pot', 'table', 'shaker', 'tin']",False
pea,freezer,freezer,"['sedan', 'bathroom cabinet', 'restroom', 'bottle', 'freezer']",True
peach,exercise room,hotel room,"['shaker', 'hotel room', 'every bedroom', 'exercise room', 'bookshelf']",False
pear,bathroom,apartment,"['bathroom', 'washer', 'wardrobe', ""children's room"", 'apartment']",False
pedal,car,car,"['cubicle', 'bathroom and kitchen', 'fridge', 'car', 'pantry']",True
peg and hammer toy,utility room,person's living room,"[""person's living room"", 'lamp', 'foyer', 'separate room', 'utility room']",False
pen,living room,most rooms,"['most rooms', 'place', 'card room', 'motorbike', 'living room']",False
pencil,bedroom,basket,"['bedroom', 'basket', 'washer', 'butt', 'toaster']",False
pencil case,lobby,room of the house,"['lobby', 'room of the house', 'home', 'boot', 'teapot']",False
pepper,oven,bar,"['parlor', 'furniture', 'bar', 'oven', 'package']",False
peppermint,kitchen,icebox,"['sink', 'bathroom cabinet', 'icebox', 'loungeroom', 'kitchen']",False
peppershaker,kitchen,kitchen,"['backpack', 'backpack', 'small room', 'kitchen', 'trunk']",True
pepsi,fridge,fridge,"['bicycle', 'pan', 'shoe', 'belfry', 'fridge']",True
pepsi can pack,garage,bar,"['bar', 'garage', 'plate', 'different room', 'bus']",False
perfume,cabinet,cabinet,"['living room', 'bunk', 'cabinet', 'basket', 'room']",True
pesto,jar,jar,"['deck', 'restroom', 'jar', 'beehive', 'ambulance']",True
pet food supplement,television room,different room,"['independent room', 'lamp', 'different room', 'television room', 'sedan']",False
phillips screwdriver,kitchen,kitchen,"['board', 'hatbox', 'hall', 'bathroom cabinet', 'kitchen']",True
phone,pocket,pocket,"['pocket', 'trap', 'pantry room', 'bunk', 'kitchen or bathroom']",True
phone armband case,dining room,loungeroom,"['loungeroom', 'bowl', ""prostitute's bedroom"", 'dining room', 'dimly lit room']",False
phone stand,television room,television room,"['board', 'one of the classrooms', 'schoolroom', 'butt', 'television room']",True
photo,cabinet,cabinet,"['bunk', 'house', 'shell', 'cabinet', 'dresser']",True
photocopier,library,library,"['board', 'study', 'class room', 'drawer', 'library']",True
photograph,home,bedroom,"['home', 'ballroom', 'delivery room', 'corridor', 'bedroom']",False
piccalilli,jar,jar,"['jar', 'bookshelf', 'bar', ""child's bedroom"", 'sink']",True
picture frame,television room,television room,"[' middle of the room', 'anor room', 'press', 'hive', 'television room']",True
pie,oven,oven,"['press', 'music room', ' middle of the room', 'oven', 'bathroom and kitchen']",True
pill,bottle,bathroom drawer,"['bathroom drawer', 'pantry', 'bottle', 'bath', 'one of the classrooms']",False
pillow,bedroom,bedroom,"['bedroom', 'hall', 'belfry', 'bath', 'different room']",True
pillowcase,bedroom,bedroom,"['floor', 'sofa', 'beehive', 'band room', 'bedroom']",True
pineapple,jar,jar,"['belfry', 'car', 'locker', 'jar', 'bedroom']",True
pirate,boat,boat,"['boat', 'bank', ' middle of the room', 'teapot', 'cellar']",True
pit,backyard,backyard,"['deck', 'shaker', 'classroom', 'backyard', 'purse']",True
pitcher base,garage,garage,"['bright room', 'quiver', 'garage', 'cubicle', 'basement']",True
pizza,oven,oven,"['oven', 'bedroom drawer', 'shoe', 'bathroom and kitchen', 'grand ballroom']",True
plant,living room,living room,"['den', 'living room', 'backpack', 'cellar', 'ambulance']",True
plant container,utility room,independent room,"['utility room', ""teenager's bedroom"", 'drawer', 'mansion', 'independent room']",False
plant saucer,kitchen,kitchen,"['suitcase', 'boat', 'kitchen', 'grand ballroom', 'art classroom']",True
plate,living room,chest,"['bag', 'living room', 'chest', 'bunk', 'suitcase']",False
platter,cabinet,cabinet,"['cabinet', 'bath', 'breadbox', 'range', 'bathroom drawer']",True
plum,corridor,lounge,"['board', 'castle', 'hall', 'lounge', 'corridor']",False
plumbing,house,house,"['house', 'ir rooms', 'livingroom', 'pot', 'toaster']",True
plunger,bathroom,bathroom,"['bathroom', 'washer', 'dwelling', 'dimly lit room', 'bathroom drawer']",True
popsicle,freezer,freezer,"['beehive', 'press', 'box', 'carton', 'freezer']",True
pork,oven,oven,"['oven', 'storage room', 'truck', 'loft', 'corridor']",True
portable speaker,closet,ballroom,"['wardrobe', 'closet', 'ballroom', 'bowl', 'icebox']",False
poster,bedroom,bedroom,"['toolbox', 'engine', 'head', 'bedroom', 'toolbox']",True
pot,kitchen,kitchen,"['kitchen', 'dungeon', 'spoon', 'bathroom cabinet', 'sink']",True
potato,kitchen,kitchen,"['bathroom drawer', 'kitchen', 'basket', 'bundle', 'barrel']",True
potpourri,drawer,livingroom,"['engine', 'way', 'head', 'livingroom', 'drawer']",False
potted meat can,pantry room,pantry room,"['kitchen or bathroom', 'pantry room', 'board', 'motorbike', 'trunk']",True
pottery,chamber,chamber,"['chamber', 'cat', 'dwelling', 'master bedroom', 'ballroom']",True
pouch,pantry,bag,"['bag', 'pantry', 'pitcher', 'dishwasher', 'house']",False
power drill,childs room,bag,"['floor', 'bag', 'pan', 'childs room', 'board']",False
prawn,oven,stove,"['oven', 'shaker', 'bathroom cabinet', 'stove', 'hall']",False
presentation,way,dining room,"['way', 'belfry', 'bay', 'dining room', 'backpack']",False
preserve,jar,jar,"['side of the room', 'jar', 'lobby', 'garage', 'tea room']",True
pressure cooker,exercise room,plate,"['locker', 'exercise room', 'belfry', 'music room', 'plate']",False
pretzel,oven,table,"['head', 'master bedroom', 'oven', 'table', 'schoolroom']",False
propellor,boat,boat,"[""children's room"", ""prostitute's bedroom"", 'place', 'tea room', 'boat']",True
prow,boat,boat,"['card room', 'carton', 'pot', 'boat', 'home']",True
pudding,container,container,"['bay', 'bike', 'furniture', 'kitchen or bathroom', 'container']",True
pudding box,bathroom,drawer,"['bright room', 'band room', 'spoon', 'bathroom', 'drawer']",False
pump,boat,boat,"['mailbox', 'house', 'container', 'truck', 'boat']",True
puzzle game,childs room,case,"['case', 'restroom', 'childs room', 'dumpster', 'every room']",False
pyjama,bedroom,bedroom,"['bright room', 'aquarium', 'bedroom', 'shaker', 'machine']",True
quilt,trunk,trunk,"['trunk', 'pot', 'cellar', 'shelf', 'cubicle']",True
rack,oven,independent room,"['independent room', 'oven', 'pod', 'sofa', 'house']",False
racquetball,pantry room,shelf,"['pantry room', 'briefcase', ""children's room"", 'master bedroom', 'shelf']",False
radiator,apartment,bath,"['apartment', 'shell', 'bath', 'den', 'package']",False
radio,bedroom,bedroom,"['place', 'teapot', 'bedroom', 'automobile', 'cabinet']",True
rafter,attic,attic,"['attic', 'safe', 'board', 'garage', 'range']",True
rag,cabinet,cabinet,"['anor room', 'apartment', 'independent room', 'cabinet', 'purse']",True
raincoat,backpack,backpack,"['library', 'backpack', 'toolbox', 'bike', 'machine']",True
ramekin,kitchen,kitchen,"['room of the house', 'kitchen or bathroom', 'one of the classrooms', 'kitchen', 'box']",True
reader,library,library,"['spoon', 'garden', 'library', 'can', 'basket']",True
reference,library,library,"['keg', 'cat', 'barrel', 'library', 'study']",True
refrigerator,home,home,"[' middle of the room', 'home', 'briefcase', 'locker', 'cabinet']",True
remote control,living room,living room,"['trunk', 'living room', 'bay', 'floor', 'oven']",True
remotecontrol,bedroom,room,"['spoon', 'room', 'bedroom', 'motorbike', 'one room flat']",False
residence,home,home,"['bathroom and kitchen', ""prostitute's bedroom"", 'home', 'garden', 'bathroom']",True
restroom,library,none,"['case', 'bathroom and kitchen', 'library', 'corridor', 'laundry room']",False
rib,refrigerator,refrigerator,"[""person's living room"", 'refrigerator', 'boot', 'cruet', 'hive']",True
ribbon,bath,purse,"['boat', 'purse', 'exercise room', 'bath', 'bunk']",False
rice,refrigerator,refrigerator,"['refrigerator', 'shoe', 'bag', 'pod', 'cat']",True
rmal laminator,playroom,one room flat,"['pot', 'playroom', 'one room flat', 'oven', 'wardrobe']",False
roast,oven,refrigerator,"['refrigerator', 'oven', 'fridge', 'bottle', 'pocket']",False
robe,suitcase,dormroom,"['one room flat', 'library', 'package', 'suitcase', 'dormroom']",False
rod,engine,engine,"['tank', 'engine', 'desk', 'washer', 'bath']",True
roll,breadbox,box,"['box', 'breadbox', 'shaker', 'toolbox', 'orchestra']",False
rolodex,desk,desk,"[""cash's room"", 'aquarium', 'case', 'desk', 'trunk']",True
romaine,refrigerator,refrigerator,"['loungeroom', 'refrigerator', 'hall', 'microwave', 'shaker']",True
rook,castle,castle,"['lounge', 'bundle', 'ballroom', 'cruet', 'castle']",True
room,apartment,apartment,"['garden', 'cabin', 'living room', 'apartment', 'nest']",True
roomdecor,living room,living room,"['cruet', 'teapot', 'closet', 'living room', 'container']",True
rope,boat,boat,"['library', 'boat', 'packet', 'playroom', 'garbage']",True
rose,garden,garden,"['garden', 'backpack', 'suitcase', 'jar', 'bus']",True
rotisserie,oven,oven,"['handbag', 'box', ""child's bedroom"", 'oven', 'card room']",True
router,corridor,corridor,"[""child's room"", 'carton', 'corridor', 'dungeon', ""child's room""]",True
row,table,table,"['table', ' middle of the room', 'bedroom', 'package', 'hall']",True
rubiks cube,exercise room,home,"['home', 'exercise room', 'pan', 'nest', 'dishwasher']",False
rudder,boat,boat,"['machine', 'playroom', 'shaker', 'boat', 'bathroom and kitchen']",True
rug,table,most rooms,"['aquarium', 'wardrobe', 'shoe', 'most rooms', 'table']",False
rule,classroom,classroom,"['pot', 'delivery room', 'ir rooms', 'jacket', 'classroom']",True
ruler,cabinet,cabinet,"['nest', 'bathroom or kitchen', 'cabinet', 'carton', 'every room']",True
sachet,drawer,drawer,"[' middle of the room', 'motel room', 'ambulance', 'deck', 'drawer']",True
safe,living room,home office,"['living room', 'castle', 'home office', 'bottle', 'freezer']",False
salad,refrigerator,refrigerator,"['lamp', 'dining room', 'backyard', 'dining room', 'refrigerator']",True
salmon,oven,oven,"['room', 'library', 'place', 'oven', 'deck']",True
salt,cabinet,kitchen,"['camp', 'fridge', 'cabinet', 'kitchen', 'garbage']",False
salt shaker,childs room,icebox,"['childs room', 'dungeon', 'place', 'icebox', 'grand ballroom']",False
saltshaker,kitchen,kitchen,"['room of the house', 'hospital drug storeroom', 'kitchen', 'lamp', 'bottle']",True
sander,cabinet,cabinet,"['shell', 'way', 'cabinet', 'machine', 'bunk']",True
sandwich,plate,plate,"[""child's bedroom"", 'corridor', 'glass', 'camp', 'plate']",True
sanitary pads,bathroom,bathroom,"['hospital drug storeroom', 'garden', 'bathroom', 'box', 'room of the house']",True
sauce,plate,pitcher,"['automobile', 'pitcher', 'plate', 'table', 'palace']",False
saucepan,cabinet,pantry room,"['cellar', 'sedan', 'pantry room', 'playroom', 'cabinet']",False
saucer,kitchen,kitchen,"['camp', 'delivery room', 'bathtub', 'kitchen', 'nest']",True
saute pan,exercise room,press,"['trap', 'hall', 'bed', 'exercise room', 'press']",False
saw,basement,basement,"['barrel', ""prostitute's bedroom"", 'basement', ' middle of the room', 'classroom']",True
scallop,shell,shell,"['barrel', 'icebox', 'hall', 'shell', 'wardrobe']",True
scarf,suitcase,suitcase,"['bank', 'suitcase', 'bathroom or kitchen', 'can', 'kitchen']",True
school,backpack,backpack,"['press', 'carton', 'way', 'backpack', 'washer']",True
schoolbook,backpack,schoolroom,"['backpack', 'barrel', 'corridor', 'schoolroom', 'mailbox']",False
scissors,lobby,schoolroom,"['tank', 'lobby', 'furniture', 'bicycle', 'schoolroom']",False
scone,oven,shelf,"['restroom', 'shelf', 'loft', 'oven', 'cradle']",False
screwdriver,toolbox,toolbox,"['box', 'dwelling', 'livingroom', 'toolbox', 'palace']",True
scrubbrush,bathroom,bathroom,"['machine', 'independent room', 'bathroom', 'furniture', 'beehive']",True
set,washer,child's bedroom,"['ballroom', 'furniture', ""child's bedroom"", 'washer', 'beehive']",False
set-top box,playroom,playroom,"['shell', 'bedroom drawer', 'toolbox', 'sedan', 'playroom']",True
setting,table,place,"['engine', 'place', 'television room', 'table', 'head']",False
sextant,boat,boat,"['refrigerator', 'boat', 'stand', 'sedan', 'garden']",True
shear,machine,garden,"['bathroom cabinet', 'basket', 'machine', ""prostitute's bedroom"", 'garden']",False
shed,backyard,backyard,"['television room', 'backyard', ""child's bedroom"", 'barrel', 'television room']",True
sheet,drawer,drawer,"['drawer', 'washer', 'board', 'guest room', 'jacket']",True
shelf,bathroom,bathroom,"['hospital drug storeroom', 'bathroom', 'fridge', 'laundry room', 'bag']",True
shellac,can,loft,"['kitchen or bathroom', 'loft', 'most rooms', 'can', 'sedan']",False
shelvingunit,living room,living room,"['case', 'living room', 'garage', 'larder', 'house']",True
shirt,suitcase,suitcase,"['suitcase', 'study', 'storage room', 'car', 'pitcher']",True
shoe,closet,closet,"[""person's living room"", 'camp', 'closet', 'dishwasher', 'livingroom']",True
shoe box,corridor,every room,"['can', 'corridor', 'ballroom', 'every room', 'sedan']",False
shop,container,way,"['lamp', 'way', 'childs room', 'container', 'court']",False
showercurtain,bathroom,bathroom,"[""teenager's bedroom"", 'engine', 'home', 'bathroom', 'bank']",True
showerdoor,bathroom,bathroom,"['room of the house', ""cash's room"", 'bathroom', 'bus', 'kitchen or bathroom']",True
showerglass,bathroom,bathroom,"['court', 'dwelling', 'bright room', 'room', 'bathroom']",True
showerhead,bathroom,bathroom,"['board', 'bathroom', 'purse', 'lounge', 'packet']",True
shredder,garage,garage,"['garage', 'grand ballroom', 'pocket', 'grand ballroom', 'bath']",True
shrimp,tank,tank,"['ir rooms', 'cat', 'tank', 'home', 'desk']",True
sideboard,home,home,"['motorbike', 'pitcher', 'can', 'vault', 'home']",True
sidetable,bathroom,side of the room,"['trap', 'bathroom', 'nest', 'tea room', 'side of the room']",False
sidewalk chalk,kitchen,truck,"['dimly lit room', 'truck', 'kitchen', 'pitcher', 'restroom']",False
sink,kitchen,kitchen,"['hotel room', 'den', 'master bedroom', 'kitchen', 'deck']",True
sinkbasin,kitchen,kitchen,"['packet', 'oven', 'kitchen', 'handbag', ""men's restroom""]",True
skeleton,closet,closet,"[""teenager's bedroom"", 'hall', 'closet', 'ir rooms', 'packet']",True
skillet,bathroom,loungeroom,"['schoolroom', 'loungeroom', ""cash's room"", 'bathroom', 'tank']",False
skillet lid,utility room,pan,"['pan', 'palace', 'car', 'utility room', 'deck']",False
skin care product,lobby,parlor,"['package', 'lobby', 'lamp', 'package', 'parlor']",False
skin moisturizer,lobby,every bedroom,"['safe', 'every bedroom', 'engine', 'can', 'lobby']",False
slack,suitcase,bedroom drawer,"['suitcase', 'pocket', 'bedroom drawer', 'bike', 'toolbox']",False
slip,drawer,drawer,"['locker', 'bay', 'home', 'bicycle', 'drawer']",True
slipper,bedroom,bedroom,"['washer', 'motorbike', 'bedroom', 'counter', 'every bedroom']",True
snack,backpack,basket,"['deck', 'backpack', 'boot', 'cup', 'basket']",False
snack cake,corridor,case,"['case', 'floor', 'bike', 'corridor', 'castle']",False
snack dispenser,childs room,side of the room,"['numerous modern washrooms', 'childs room', 'attic', 'bunk', 'side of the room']",False
snail,garden,garden,"['foyer', 'corridor', 'kitchen or bathroom', 'glass', 'garden']",True
soap dish,dining room,locker,"['locker', 'dining room', 'livingroom', 'wallet', 'toaster']",False
soap dispenser,utility room,utility room,"['ir rooms', 'butt', 'camp', 'sofa', 'utility room']",True
soapbar,bathroom,bathroom,"['kitchen', 'toaster', 'bathroom', 'barrel', 'bathroom cabinet']",True
soapbottle,bathroom,bathroom,"['mansion', 'waiting room', 'pod', 'machine', 'bathroom']",True
socket,cabinet,case,"['cabinet', 'waiting room', 'automobile', 'case', 'bedroom drawer']",False
soda,can,can,"['mansion', 'toaster', 'car', 'suitcase', 'can']",True
sofa,living room,living room,"['parlor', 'dwelling', 'living room', 'engine', 'suitcase']",True
softball,bathroom,sack,"['sack', 'loft', 'bathroom', 'orchestra', 'chest']",False
software cd,lobby,house,"['house', 'motel room', 'guest room', 'lobby', 'larder']",False
sorting toy,dining room,dining room,"['handbag', 'tank', 'dining room', 'floor', 'bathtub']",True
soup,container,container,"['ballroom', 'corridor', 'container', ""teenager's bedroom"", 'car']",True
spa,house,house,"['house', 'basement', 'wardrobe', 'schoolroom', 'backpack']",True
spaghetti,plate,plate,"['cruet', 'plate', 'pantry', 'package', 'bank']",True
spam,can,can,"['bar', 'hatbox', 'cabin', 'card room', 'can']",True
sparkling water,dining room,dining room,"['tea room', 'bus', 'packet', 'dining room', 'press']",True
spatula,kitchen,kitchen,"['study', 'wallet', 'butt', 'icebox', 'kitchen']",True
spice,shelf,shelf,"['floor', 'shelf', 'study', 'garden', 'floor']",True
spider,closet,closet,"['closet', 'broom closet', 'hive', 'cabin', 'board']",True
spinach,pan,pan,"['pan', 'home', 'purse', 'hive', 'most rooms']",True
sponge,dining room,dining room,"['dining room', 'keg', 'bundle', 'cubicle', 'foyer']",True
sponge dish,dining room,dining room,"['dining room', 'backpack', 'palace', 'den', 'locker']",True
spoon,kitchen,kitchen,"['bicycle', 'delivery room', 'den', 'kitchen', 'locker']",True
spoon rest,childs room,pitcher,"['shell', 'wardrobe', 'pitcher', 'childs room', ""child's bedroom""]",False
spraybottle,bathroom,bathroom,"['dimly lit room', 'family room', 'wallet', 'bathroom', 'library']",True
squash,oven,oven,"['wallet', 'spoon', 'oven', 'bathroom drawer', 'case']",True
stacking cups,closet,children's room,"[""children's room"", 'pitcher', 'livingroom', 'closet', 'boot']",False
stamper,cabinet,cabinet,"['tin', 'cabinet', 'pantry room', 'corridor', 'packet']",True
stand mixer,lobby,furniture,"['dungeon', 'lobby', ""teenager's bedroom"", 'furniture', 'package']",False
stapler,desk,desk,"['shaker', 'desk', 'carton', 'ambulance', 'room of the house']",True
statue,kitchen,parlor,"['kitchen', 'dimly lit room', 'package', 'parlor', 'closet']",False
statuette,shelf,shelf,"['card room', 'shaker', 'counter', 'dumpster', 'shelf']",True
steak,oven,oven,"['restroom', 'oven', 'schoolroom', 'tin', 'pod']",True
steel,automobile,engine,"['automobile', 'engine', 'sedan', 'lobby', 'shelf']",False
stereo,car,loungeroom,"['box', 'study', 'loungeroom', 'car', 'playroom']",False
stew,pot,pot,"['most rooms', 'boot', 'bundle', 'suitcase', 'pot']",True
stocking,suitcase,suitcase,"['purse', 'trap', 'suitcase', ""person's living room"", 'cubicle']",True
stool,bedroom,television room,"['bath', 'hotel room', 'pod', 'television room', 'bedroom']",False
storage,attic,attic,"['attic', ""prostitute's bedroom"", 'boot', 'library', 'dresser']",True
storage bin,childs room,sofa,"['sofa', 'childs room', 'sack', 'bar', 'bedroom drawer']",False
storehouse,basement,basement,"['kitchen or bathroom', 'bath', 'basement', 'schoolroom', 'washer']",True
storeroom,basement,basement,"['refrigerator', 'backpack', 'pitcher', 'can', 'basement']",True
stove,apartment,apartment,"['bathtub', 'pan', 'apartment', 'refrigerator', 'basement']",True
stoveburner,kitchen,kitchen,"['grand ballroom', 'boot', 'kitchen', 'dishwasher', 'range']",True
stoveknob,kitchen,kitchen,"['freezer', 'boat', 'shaker', 'numerous modern washrooms', 'kitchen']",True
strawberry,closet,microwave,"['closet', 'library', 'microwave', 'pod', 'hospital drug storeroom']",False
streamer,ballroom,ballroom,"['ballroom', 'small room', 'dwelling', 'cruet', 'foyer']",True
string lights,exercise room,exercise room,"['exercise room', 'chest', 'cabinet', 'bag', 'icebox']",True
stuffed toy,playroom,playroom,"['bank', 'one of the classrooms', 'playroom', 'engine', 'side of the room']",True
sugar,container,container,"['pitcher', 'numerous modern washrooms', 'briefcase', 'container', 'wardrobe']",True
sugar box,living room,living room,"['bicycle', 'living room', 'bicycle', 'tank', 'grand ballroom']",True
sugar sprinkles,dining room,dining room,"['dining room', 'music room', 'bundle', 'deck', 'study']",True
suit,suitcase,suitcase,"['automobile', 'orchestra', 'suitcase', 'classroom', 'bus']",True
sunglass,car,car,"['basement', 'motel room', 'car', 'bar', 'music room']",True
sunscreen,backpack,bedroom,"['bottle', 'deck', 'bedroom', 'backpack', 'basket']",False
supper,oven,fridge,"['oven', 'briefcase', 'fridge', 'broom closet', 'table']",False
surface saver ring,storage room,room of the house,"['room of the house', 'cubicle', 'head', 'storage room', 'trap']",False
sushi,plate,plate,"['board', 'wallet', 'music room', 'pot', 'plate']",True
sushi mat,bathroom,waiting room,"['bathroom', 'vault', 'hatbox', 'waiting room', ""children's room""]",False
sweater,suitcase,loungeroom,"['garden', 'glass', 'bathroom', 'suitcase', 'loungeroom']",False
tab,bar,bar,"['restroom', 'garden', 'basement', 'bar', 'jar']",True
table,room,room,"['boat', 'toolbox', 'room', 'bunk', 'lounge']",True
table lamp,corridor,room of the house,"['room of the house', 'jar', 'freezer', 'corridor', 'stove']",False
tablet,dining room,dining room,"['apartment', 'stove', 'dining room', 'motel room', 'bunk']",True
tablet holder,bathroom,music room,"['music room', 'bathroom', 'press', 'handbag', 'bay']",False
tablet stand,pantry room,toaster,"['toaster', 'case', 'freezer', 'pantry room', 'pantry']",False
tabletopdecor,bedroom,bedroom,"['toolbox', 'bedroom', 'wardrobe', 'hamper', 'schoolroom']",True
tag,range,cabinet,"['apartment', 'delivery room', 'cabinet', 'kitchen or bathroom', 'range']",False
tampon,corridor,dumpster,"['bank', 'dumpster', 'corridor', 'class room', 'art classroom']",False
tank,range,range,"['range', 'room', 'dining room', 'pan', 'hospital drug storeroom']",True
tap,bathroom,bathroom,"['bathroom', 'classroom', 'can', 'dresser', 'sedan']",True
tape,cabinet,cabinet,"['bathtub', 'packet', 'oven', 'hive', 'cabinet']",True
tea,teapot,none,"['library', 'hospital drug storeroom', 'teapot', 'different room', 'bathroom or kitchen']",False
tea can pack,home office,lounge,"['living rooms', 'room of the house', 'home office', 'lounge', 'bicycle']",False
tea pods,exercise room,chamber,"['grand ballroom', 'exercise room', 'chamber', 'hall', 'trunk']",False
teapot,bedroom,bedroom,"['trap', 'bus', 'bedroom', 'schoolroom', 'dungeon']",True
teaspoon,cup,cabinet,"['sink', ""men's restroom"", 'cabinet', 'cup', 'dishwasher']",False
teddybear,bedroom,bedroom,"['attic', 'bedroom', ""person's living room"", 'every room', 'breadbox']",True
telephone,desk,desk,"['card room', 'foyer', 'desk', 'dishwasher', 'broom closet']",True
television,bedroom,playroom,"['pantry room', 'bedroom', 'plate', 'tank', 'playroom']",False
tenderloin,oven,oven,"['oven', 'restroom', 'closet', 'bundle', ' middle of the room']",True
tennis ball,television room,lounge,"['belfry', 'small room', 'television room', 'bath', 'lounge']",False
tennisracket,bedroom,room of the house,"['board', 'way', 'bedroom', 'bike', 'room of the house']",False
tent,backpack,backpack,"['bathroom cabinet', 'backpack', 'laundry room', 'castle', 'delivery room']",True
textbook,backpack,backpack,"['dumpster', 'dimly lit room', 'dumpster', 'backpack', 'trap']",True
thimble,cabinet,cabinet,"['tin', 'living rooms', 'camp', 'cabinet', 'basket']",True
thing,cabinet,cabinet,"['car', 'cabinet', 'dishwasher', ""cash's room"", 'hospital drug storeroom']",True
thread,cabinet,cabinet,"['room of the house', 'boot', 'cabinet', 'pot', 'glass']",True
thumbtack,desk,desk,"['desk', 'drawer', 'sink', 'every bedroom', 'classroom']",True
tie,suitcase,suitcase,"['court', 'suitcase', 'cradle', 'desk', ""children's room""]",True
tile,room,room,"['car', 'machine', 'room', 'garbage', 'sedan']",True
tissuebox,bathroom,bathroom,"['laundry room', 'bathroom', 'guest room', 'furniture', 'foyer']",True
toast,pocket,dimly lit room,"['dimly lit room', 'cat', 'pocket', 'hive', 'lamp']",False
toaster,kitchen,kitchen,"['oven', 'garbage', 'kitchen', 'nest', 'bowl']",True
toffee,jar,jar,"['jar', 'basement', 'restroom', 'machine', 'packet']",True
tofu,oven,oven,"['backyard', 'engine', 'oven', 'well', 'dumpster']",True
toilet,bathroom,bathroom,"['stove', 'garbage', 'bathroom', 'utility room', 'different room']",True
toiletpaper,bathroom,bathroom,"['kitchen or bathroom', 'bathroom', 'court', 'every bedroom', 'art classroom']",True
toiletpaperhanger,bathroom,bathroom,"['bathroom', 'waiting room', 'range', 'shoe', 'court']",True
toiletry,suitcase,teenager's bedroom,"['suitcase', 'boot', 'palace', 'most rooms', ""teenager's bedroom""]",False
tomato,kitchen,kitchen,"['bath', 'band room', 'truck', 'kitchen', 'kitchen or bathroom']",True
tomato soup can,television room,carton,"['carton', 'television room', 'cat', 'beehive', 'boot']",False
tool,drawer,drawer,"['drawer', 'living room', 'board', 'press', 'pan']",True
toothbrush,bedroom,bright room,"['chest', 'bedroom', 'bottle', 'bus', 'bright room']",False
toothbrush holder,pantry room,small room,"['motorbike', 'pantry room', 'dresser', 'aquarium', 'small room']",False
toothbrush pack,childs room,childs room,"['bowl', 'bed', 'childs room', 'automobile', 'pod']",True
toothpick,box,box,"['room', 'can', 'garden', 'card room', 'box']",True
top,drawer,drawer,"['drawer', 'separate room', 'trunk', ""person's living room"", 'hotel room']",True
torch,backpack,backpack,"[""teenager's bedroom"", 'one room flat', 'box', 'backpack', 'beehive']",True
tortilla,oven,stove,"['childs room', 'livin room', 'every bedroom', 'stove', 'oven']",False
tourniquet,ambulance,ambulance,"['bay', 'playroom', 'ambulance', 'stand', 'basket']",True
towel,bathroom,bathroom,"['container', 'table', 'dwelling', 'bathroom', 'every bedroom']",True
towelholder,bathroom,bathroom,"['bathroom or kitchen', 'teapot', 'dimly lit room', 'bathroom', ""person's living room""]",True
toy,box,box,"['belfry', 'sink', 'pantry', 'box', 'cabinet']",True
toy airplane,bedroom,bedroom,"['shaker', 'bathroom or kitchen', 'motorbike', 'card room', 'bedroom']",True
toy animal,living room,living room,"['safe', 'shelf', 'spoon', 'living room', 'livin room']",True
toy basketball,television room,television room,"['grand ballroom', 'television room', 'plate', 'living rooms', 'bottle']",True
toy bowling set,garage,garage,"['hall', 'motel room', 'table', 'garage', 'palace']",True
toy construction set,bedroom,bedroom,"['bar', 'bedroom', 'barrel', 'jar', 'way']",True
toy fishing,living room,boat,"[""teenager's bedroom"", 'living room', 'boat', 'bright room', 'boot']",False
toy food,lobby,art classroom,"[""person's living room"", 'lobby', 'art classroom', 'orchestra', 'small room']",False
toy furniture set,dining room,dormroom,"['dormroom', 'dining room', 'trap', 'bookshelf', 'teapot']",False
toy instrument,childs room,none,"['childs room', 'jar', 'parlor', 'every room', 'sofa']",False
toy kitchen set,exercise room,lounge,"['dresser', 'lounge', 'sack', 'exercise room', 'stand']",False
toy tool kit,bathroom,den,"['beehive', 'bathroom', 'pantry', 'den', 'master bedroom']",False
toy vehicle,pantry room,most rooms,"['larder', 'pantry room', 'pan', 'larder', 'most rooms']",False
transmission,car,car,"['keg', 'car', 'breadbox', ""men's restroom"", 'vault']",True
transom,boat,boat,"['sink', 'boat', 'house', 'bathroom or kitchen', 'garage']",True
tray,storage room,storage room,"['press', 'toolbox', 'storage room', ""teenager's bedroom"", 'package']",True
treasure,box,box,"['most rooms', 'purse', 'box', 'range', 'restroom']",True
trinket,shelf,shelf,"['one of the classrooms', 'larder', 'garden', 'shelf', 'keg']",True
trouser,suitcase,suitcase,"['motorbike', 'dungeon', 'grand ballroom', 'suitcase', 'garbage']",True
trowel,cabinet,cabinet,"['cabinet', 'room', 'belfry', 'grand ballroom', 'trunk']",True
trunk,automobile,automobile,"['fridge', 'shaker', 'loft', 'automobile', ' middle of the room']",True
tub,kitchen,kitchen,"[""child's bedroom"", 'kitchen', 'dishwasher', 'bowl', 'counter']",True
tumbler,corridor,family room,"['family room', 'cruet', 'corridor', 'dormroom', 'court']",False
tuna,can,can,"['can', 'dormroom', 'bag', 'closet', 'livin room']",True
turkey,oven,oven,"['head', 'dormroom', 'safe', 'oven', 'card room']",True
turtle,box,nest,"['stand', 'hotel room', 'box', 'drawer', 'nest']",False
tuxedo,ballroom,ballroom,"['ambulance', 'desk', 'freezer', 'castle', 'ballroom']",True
tv,bedroom,living rooms,"['automobile', 'bedroom', 'bunk', 'living rooms', 'cellar']",False
tvstand,living room,living room,"['breadbox', 'dwelling', 'schoolroom', 'living room', 'room of the house']",True
tweed,closet,closet,"['closet', 'jar', 'every bedroom', 'teapot', 'boat']",True
umbrella,dining room,container,"['glass', 'bathroom or kitchen', 'dining room', 'container', 'washer']",False
underpants,drawer,bathroom drawer,"['garage', 'trunk', 'bathroom drawer', 'drawer', 'hall']",False
undershirt,drawer,drawer,"['nest', 'jar', 'drawer', 'carton', 'garage']",True
underwear,suitcase,bathroom drawer,"['press', 'machine', 'suitcase', 'bathroom or kitchen', 'bathroom drawer']",False
urinal,men's restroom,men's restroom,"[""men's restroom"", 'bathroom or kitchen', 'small room', 'chamber', ""child's room""]",True
usb drive,bathroom,bag,"['bag', 'bright room', 'band room', 'bathroom', 'motel room']",False
utensil,drawer,tea room,"['garage', 'garage', 'tea room', 'exercise room', 'drawer']",False
utensil holder,garage,separate room,"['delivery room', 'press', 'garage', 'floor', 'separate room']",False
vacuum,closet,closet,"['toolbox', 'tea room', 'cup', 'nest', 'closet']",True
vacuumcleaner,bedroom,laundry room,"['press', 'laundry room', 'bedroom', 'bathroom and kitchen', 'home office']",False
varnish,desk,attic,"['toaster', 'attic', 'floor', 'desk', 'small room']",False
vase,kitchen,kitchen,"['dumpster', 'pitcher', 'hatbox', 'kitchen', 'cellar']",True
vault,bank,bank,"['loft', 'belfry', 'bank', 'tank', 'freezer']",True
vegetable,oven,cellar,"['oven', 'chamber', 'cellar', 'table', 'den']",False
vent,room,bathroom and kitchen,"['foyer', 'bathroom and kitchen', 'keg', 'room', 'belfry']",False
vermouth,bar,bar,"['living rooms', 'toolbox', 'bar', 'can', 'bedroom drawer']",True
video,drawer,drawer,"['utility room', 'anor room', 'loft', 'bowl', 'drawer']",True
video game,bathroom,backyard,"['automobile', 'well', 'well', 'backyard', 'bathroom']",False
vinyl tape,kitchen,art classroom,"['cradle', 'art classroom', 'palace', 'tank', 'kitchen']",False
viola,orchestra,orchestra,"['bike', 'toaster', 'orchestra', 'library', 'every bedroom']",True
violin,orchestra,orchestra,"['hotel room', ""child's bedroom"", 'cubicle', 'ambulance', 'orchestra']",True
virtual reality viewer,closet,closet,"['container', 'bath', 'broom closet', 'closet', 'dimly lit room']",True
vodka,cabinet,cabinet,"['library', 'quiver', 'most rooms', 'cabinet', 'boat']",True
voltmeter,drawer,drawer,"['drawer', 'bike', 'orchestra', ""prostitute's bedroom"", 'suitcase']",True
volume,library,library,"['bag', 'palace', 'library', 'bus', 'machine']",True
waffle,fridge,fridge,"['fridge', 'bottle', 'lounge', 'shaker', ""prostitute's bedroom""]",True
wagon,backyard,backyard,"['camp', 'pan', 'backyard', 'beehive', 'dining room']",True
wallet,pocket,pocket,"['packet', 'bike', 'pocket', 'hatbox', 'quiver']",True
wardrobe,room,room,"['shell', 'pitcher', 'room', 'lamp', 'classroom']",True
washcloth,home office,stand,"['loungeroom', 'stand', 'microwave', 'home office', 'parlor']",False
washer,jar,stand,"['bag', 'hive', 'stand', 'jar', 'bed']",False
waste basket,corridor,corridor,"['living rooms', 'corridor', 'bath', 'basket', 'guest room']",True
wastebasket,desk,desk,"['childs room', 'stove', 'childs room', 'desk', 'vault']",True
watch,living room,home office,"['living room', 'shaker', 'study', 'nest', 'home office']",False
water bottle,living room,living room,"['truck', 'laundry room', 'living room', ""child's room"", 'delivery room']",True
wateringcan,living room,living room,"['numerous modern washrooms', 'wallet', 'living room', 'bright room', 'case']",True
weight,basement,basement,"['bicycle', 'basement', 'mansion', 'side of the room', 'house']",True
weight loss guide,childs room,lounge,"[' middle of the room', 'lounge', 'childs room', 'cup', 'purse']",False
whale whistle,television room,loungeroom,"['every room', 'fridge', 'television room', 'loungeroom', 'tin']",False
wheelchair,home,home,"['chest', 'home', 'every bedroom', 'pantry room', ""children's room""]",True
whisk,drawer,drawer,"['backyard', 'toaster', 'castle', 'family room', 'drawer']",True
whiskey,bar,bar,"['bathroom and kitchen', 'bar', 'room', 'bay', 'head']",True
whisky,bar,bar,"['small room', 'aquarium', 'home', 'bar', 'bundle']",True
window,living room,living room,"['handbag', 'living room', 'pocket', 'dresser', 'furniture']",True
windshield,sedan,sedan,"['anor room', 'package', 'waiting room', 'sedan', 'sofa']",True
wine,glass,vault,"['range', 'glass', 'vault', 'mailbox', 'independent room']",False
wine glass,kitchen,dining room,"['dining room', ""person's living room"", 'one of the classrooms', 'kitchen', 'deck']",False
winebottle,kitchen,kitchen,"['kitchen', 'laundry room', 'card room', 'jacket', 'every bedroom']",True
wipe warmer,living room,living room,"['tea room', 'living room', 'loft', 'pan', 'cabinet']",True
wireless accessory,storage room,purse,"['bathroom drawer', ' middle of the room', 'purse', 'storage room', 'sofa']",False
wood,desk,none,"['head', 'bathroom or kitchen', ""children's room"", 'desk', 'bay']",False
wool,butt,one of the classrooms,"['butt', 'one of the classrooms', 'fridge', 'pantry', 'pocket']",False
work,desk,desk,"['aquarium', 'desk', 'fridge', 'washer', 'shell']",True
wristwatch,case,case,"['trap', 'most rooms', 'case', 'kitchen', 'bay']",True
xylitol sweetener,kitchen,kitchen,"['waiting room', 'hotel room', 'kitchen', 'livin room', 'board']",True
yam,oven,none,"['castle', 'bathroom or kitchen', ""prostitute's bedroom"", 'stand', 'oven']",False
yarn,cabinet,cabinet,"['bedroom drawer', 'apartment', 'closet', 'dwelling', 'cabinet']",True
yearbook,trunk,dormroom,"['boot', 'dormroom', 'loft', 'hall', 'trunk']",False
yoghurt,freezer,freezer,"['freezer', 'bathroom or kitchen', 'range', 'box', 'sack']",True
yogurt,oven,basket,"['oven', 'shaker', 'bundle', 'childs room', 'basket']",False
